"","Participant","MAAS_1","MAAS_2","MAAS_3","MAAS_4","MAAS_5","MAAS_6","MAAS_7","MAAS_8","MAAS_9","MAAS_10","MAAS_11","MAAS_12","MAAS_13","MAAS_14","MAAS_15","Nomo1_1","Nomo1_2","Nomo1_3","Nomo1_4","Nomo1_5","Nomo1_6","Nomo1_7","Nomo1_8","Nomo1_9","Nomo2_1","Nomo2_2","Nomo2_3","Nomo2_4","Nomo2_5","Nomo2_6","Nomo2_7","Nomo2_8","Nomo2_9","Nomo2_10","Nomo2_11","sleep_hours","sleep_quality","sleep_effects","sleep_onset","sleep_phone","SSS.1","SSS.2","SSS.3","SSS.4","SSS.5","SSS.6","SSS.7","SSS.8","SSS.9","SSS.10","SSS.11","SSS.12","SSS.13","SSS.14","SSS.15","SSS.16","SSS.17","SSS.18","SSS.19","SSS.20","SSS.21","SSS.22","SSS.23","SSS.24","SSS.25","SSS.26","SSS.27","SSS.28","SSS.29","SSS.30","SSS.31","SSS.32","SSS.33","SSS.34","SSS.35","SSS.36","SSS.37","SSS.38","SSS.39","SSS.40","Reliance_1","Reliance_2","Reliance_3","Reliance_4","Reliance_5","Reliance_6","Reliance_7","Reliance_8","Reliance_9","Reliance_10","Reliance_11","Reliance_12","Reliance_13","ASRS1_1","ASRS1_2","ASRS1_3","ASRS1_4","ASRS1_5","ASRS1_6","ASRS2_1","ASRS2_2","ASRS2_3","ASRS2_4","ASRS2_5","ASRS2_6","ASRS2_7","ASRS2_8","ASRS2_9","ASRS2_10","ASRS2_11","ASRS2_12","Sex","Gender","Age","Race.s.","OwnSP","SPhours_1","OwnSW","id","ADHD1","ADHD2","ADHD3","ADHD4","ADHD5","ADHD6","ADHD7","ADHD8","ADHD9","ADHD10","ADHD11","ADHD12","ADHD13","ADHD14","ADHD15","ADHD16","ADHD17","ADHD18","MAAS_avg","NOMO_sum","ADHD_sum","SSS_sum","reliance_sum","ADHD_z","NOMO_z","SSS_z","reliance_z","MAAS_z","SSS_TAS","SSS_ES","SSS_Dis","SSS_BS"
"1",1,3,2,4,1,4,2,5,5,4,3,2,3,4,3,4,4,2,3,6,6,2,5,5,7,5,6,6,6,6,6,4,5,5,2,2,8,4,3,3,1,1,1,0,1,0,1,1,0,1,0,1,0,1,1,0,0,1,1,0,1,1,1,1,0,1,0,1,1,1,1,0,1,1,1,1,0,0,0,0,0,1,2,3,4,4,3,4,2,2,4,4,2,3,0,0,1,3,3,2,2,3,1,2,2,2,2,1,1,0,0,1,2,2,3,"1",1,5.7,2,NA,0,0,0,1,1,0,0,1,0,0,0,1,0,0,0,0,0,0,3.26666666666667,93,4,24,38,-0.670200727406583,0.524041492968725,0.997198137837658,-0.378532531078303,-0.493902270655292,6,7,8,4
"2",2,3,4,3,3,2,3,4,3,3,3,4,6,2,3,5,2,5,3,5,4,3,2,5,5,4,5,5,3,6,2,1,1,1,5,4,9,3,2,7,1,0,0,0,0,0,1,0,1,1,0,0,1,0,0,1,1,1,1,0,1,1,1,1,0,1,1,0,1,0,0,1,1,0,1,0,0,1,0,1,1,4,2,2,3,4,3,4,4,3,4,3,4,4,2,1,1,3,4,2,1,2,1,1,4,0,3,4,2,2,2,2,2,2,2,"1",1,3.2,2,NA,1,0,0,1,1,0,0,0,0,0,1,0,1,1,0,1,0,1,3.4,71,8,21,44,0.532218224705228,-0.436373233646542,0.484953199664208,0.300599362915123,-0.323325973358914,7,5,3,5
"4",4,5,5,4,3,6,4,5,5,6,3,4,6,3,5,5,4,5,4,5,3,3,4,5,5,5,5,5,4,4,4,2,2,2,3,3,8,4,5,4,2,0,0,0,0,0,0,0,0,0,0,0,0,0,0,1,0,0,0,0,0,0,0,0,0,0,0,0,0,0,0,0,0,0,1,0,0,1,0,1,0,4,3,2,4,2,3,3,3,3,4,3,4,4,2,1,0,2,3,0,2,1,1,1,2,0,2,1,2,1,0,1,2,2,2,"1",1,8,2,NA,1,0,0,0,1,0,0,0,0,0,0,0,0,0,0,0,0,0,4.6,77,2,4,42,-1.27141020346249,-0.174441944569651,-2.41776811665201,0.0742220649173141,1.21186070230849,0,0,0,3
"5",5,3,4,5,6,4,2,3,4,3,4,5,6,2,3,3,5,4,2,5,2,2,3,5,6,3,5,5,4,5,2,1,1,1,3,2,7,3,3,7,1,0,0,0,0,0,1,0,0,0,0,0,0,0,1,1,0,0,1,0,0,0,1,0,0,0,0,0,0,1,0,0,1,0,1,1,0,1,0,0,0,3,3,1,4,3,2,4,1,4,3,4,2,3,2,1,3,2,3,2,1,2,2,4,2,1,2,2,2,3,1,1,2,2,4,"1",1,6,1,21976,1,0,1,0,1,0,0,0,1,1,0,0,0,0,0,1,0,0,3.8,66,6,10,37,-0.0689912513506776,-0.654649307877285,-1.39327824030511,-0.491721180077207,0.188402918530221,0,4,3,2
"6",6,2,4,1,1,4,5,4,3,3,3,1,5,3,2,2,7,7,5,7,7,3,5,7,7,7,7,7,7,7,7,7,5,3,2,2,8,4,2,2,1,0,0,1,0,0,1,0,0,1,0,1,0,1,1,0,1,1,0,0,0,1,1,1,0,1,1,0,1,0,0,0,1,1,1,1,1,1,0,1,1,5,5,4,5,5,5,5,3,5,4,4,2,3,0,0,2,1,3,3,2,1,1,2,3,0,4,3,1,2,2,1,2,2,2,"1",1,6,1,22387,0,0,1,0,1,1,0,0,0,0,1,0,1,1,0,1,0,0,2.86666666666667,116,7,22,55,0.231613486677275,1.52811143443014,0.655701512388691,1.54567450190307,-1.00563116254443,8,5,6,2
"8",8,3,4,4,3,5,4,3,3,2,5,4,2,2,3,2,6,6,4,6,4,4,5,3,6,5,6,5,5,6,6,3,2,6,3,5,6,2,3,2,1,1,0,1,0,0,1,1,0,1,0,1,0,1,1,0,1,1,0,0,1,1,1,1,0,1,0,1,1,0,1,0,1,1,1,1,1,1,1,0,1,5,5,2,5,4,4,4,5,2,5,3,5,5,0,1,1,3,3,3,3,3,2,1,2,1,3,4,3,2,3,3,2,2,2,"1",1,5.1,2,21880,0,0,0,1,1,1,1,1,1,0,0,0,1,1,1,1,1,1,3.26666666666667,96,12,26,54,1.73463717681704,0.655007137507171,1.33869476328662,1.43248585290417,-0.493902270655292,10,5,8,3
"9",9,3,6,3,3,2,4,3,5,5,5,5,3,2,3,6,1,1,4,6,5,1,5,4,2,5,7,5,6,7,3,1,1,2,5,1,8,4,4,3,1,0,0,1,0,0,0,1,0,1,0,1,0,1,1,0,1,1,0,0,0,1,1,0,0,1,0,0,0,0,0,0,1,0,0,1,0,1,1,0,1,1,1,2,4,4,4,4,3,1,4,3,5,4,0,0,0,2,2,0,0,3,1,0,3,0,3,2,0,1,2,0,2,2,2,"1",1,4,2,18280,0,0,0,0,0,0,0,1,0,0,1,0,1,0,0,0,0,0,3.86666666666667,72,3,16,40,-0.970805465434535,-0.392718018800394,-0.368788363958207,-0.152155233080494,0.27369106717841,7,3,4,1
"10",10,6,6,5,2,6,2,3,4,5,5,5,4,2,4,6,5,6,5,5,3,2,3,3,6,5,2,5,5,3,2,1,5,3,1,1,8,3,3,3,1,0,0,1,1,0,1,0,1,1,0,1,0,0,1,0,0,1,1,0,0,1,1,0,0,1,1,0,0,0,0,0,1,0,0,1,0,1,0,1,1,4,2,2,4,2,2,4,2,3,3,2,4,4,3,1,1,3,3,2,2,2,1,2,2,1,2,1,2,3,2,2,2,2,5,"1",1,2,1,5866,1,0,0,1,1,0,0,0,0,0,0,0,0,0,0,1,0,1,4.33333333333333,71,5,18,38,-0.36959598937863,-0.436373233646542,-0.0272917385092412,-0.378532531078303,0.870708107715733,5,7,3,2
"11",11,3,3,3,4,5,2,3,2,3,4,3,3,3,3,3,6,5,2,4,3,2,1,7,5,6,6,6,6,6,4,3,2,2,2,5,8,3,3,3,1,0,0,1,1,0,0,0,1,0,0,0,0,0,1,1,1,1,1,0,1,1,1,1,0,0,0,1,1,0,0,0,0,0,0,0,0,1,0,0,1,4,4,4,4,3,4,3,5,5,5,4,4,5,1,1,2,3,2,1,2,4,2,2,1,0,2,1,1,2,0,2,2,2,2,"1",1,5.1,2,22264,0,0,1,1,0,0,0,1,1,0,0,0,0,0,0,1,0,1,3.13333333333333,83,6,16,54,-0.0689912513506776,0.08748934450724,-0.368788363958207,1.43248585290417,-0.66447856795167,8,5,0,3
"12",12,5,2,2,2,4,5,4,4,4,2,3,3,4,3,2,5,6,2,5,7,7,7,7,7,7,7,7,7,7,7,6,7,7,5,7,8,3,2,1,1,1,0,1,0,0,0,0,0,1,1,1,1,1,1,0,1,1,0,0,1,1,1,1,0,1,0,1,1,1,1,0,1,1,1,1,1,1,0,1,0,4,4,4,4,5,4,4,2,4,4,4,5,5,2,1,3,3,3,1,2,2,1,2,3,1,2,1,2,3,3,4,2,2,1,"1",1,1.5,1,22108,1,0,1,1,1,0,0,0,0,0,1,0,0,0,0,1,1,1,3.26666666666667,127,8,26,53,0.532218224705228,2.00831879773778,1.33869476328662,1.31929720390526,-0.493902270655292,8,5,10,3
"13",13,3,5,4,6,5,5,5,5,3,5,3,4,2,5,4,6,5,4,6,4,3,5,6,5,5,6,5,6,6,6,2,4,5,4,6,7,4,3,3,1,0,0,0,1,0,1,0,0,0,0,0,0,0,1,0,1,1,1,0,0,0,0,1,1,1,0,0,0,1,0,0,0,0,0,1,0,1,0,0,0,5,4,4,4,3,3,4,2,4,4,4,2,3,3,2,3,2,4,2,2,1,2,2,2,2,3,2,1,2,4,3,2,2,2,"1",1,4.1,2,21886,1,1,1,0,1,0,0,0,1,0,0,1,1,0,0,1,1,1,4.26666666666667,99,10,12,46,1.13342770076113,0.785972782045616,-1.05178161485614,0.526976660912931,0.785419959067544,3,4,3,1
"14",14,5,4,3,3,6,4,3,3,3,3,3,4,2,3,3,7,7,7,7,7,6,6,7,7,7,7,7,7,7,7,5,5,5,6,6,6,3,3,5,1,0,0,0,0,0,0,0,0,1,0,0,1,0,0,0,0,1,0,0,0,0,1,0,0,0,1,1,0,0,0,0,1,0,0,1,0,1,0,0,0,5,5,4,5,5,5,4,3,4,4,4,4,4,1,2,2,4,1,2,1,2,2,3,2,1,1,3,1,2,1,1,2,2,3,"1",1,8,2,22390,0,1,1,1,0,0,0,0,1,1,0,0,0,1,0,1,0,0,3.46666666666667,130,7,9,56,0.231613486677275,2.13928444227622,-1.56402655302959,1.65886315090197,-0.238037824710724,1,4,3,1
"16",16,5,5,4,4,4,3,5,5,5,5,4,5,5,5,5,5,5,3,5,3,3,3,5,5,5,5,5,5,5,5,3,3,5,5,3,8,3,3,3,1,1,0,0,0,0,0,0,0,1,0,0,1,1,0,0,1,1,1,0,0,1,1,0,0,1,1,1,1,0,1,0,1,1,0,1,0,1,0,1,0,4,4,2,2,2,2,2,2,3,4,3,2,4,1,1,1,2,3,2,2,3,1,1,2,1,2,1,1,1,1,1,2,2,1,"1",1,6,2,20299,0,0,0,0,1,0,0,1,0,0,0,0,0,0,0,0,0,0,4.6,86,2,19,36,-1.27141020346249,0.218454989045686,0.143456574215242,-0.604909829076111,1.21186070230849,4,5,8,2
"17",17,3,3,3,1,2,3,3,4,2,4,2,6,4,4,6,5,5,2,5,5,3,2,5,5,2,6,3,5,5,5,2,2,3,3,3,7,3,3,3,1,0,0,0,0,0,0,0,0,0,0,1,0,0,0,0,0,1,0,0,1,0,1,1,0,0,0,0,1,0,0,0,1,0,0,0,0,1,0,0,1,2,2,2,4,2,4,4,2,4,4,4,4,4,2,1,1,2,3,2,1,3,2,2,3,1,3,1,1,3,1,1,2,2,1,"1",1,3,2,21877,1,0,0,0,1,0,0,1,1,0,1,0,1,0,0,1,0,0,3.33333333333333,76,7,9,42,0.231613486677275,-0.2180971594158,-1.56402655302959,0.0742220649173141,-0.408614122007102,6,1,1,0
"18",18,3,5,6,4,5,5,5,3,3,4,6,6,3,5,4,6,6,3,5,2,2,1,2,5,5,6,3,5,5,2,1,2,2,1,6,10,4,4,2,1,0,0,1,1,0,1,0,0,0,0,1,0,0,0,0,1,1,0,0,1,1,0,1,0,0,1,0,1,0,0,0,0,1,0,1,0,0,0,0,0,4,2,3,4,1,2,3,3,4,4,4,4,5,1,2,3,4,3,1,2,3,2,2,2,0,2,2,1,0,1,2,2,2,1,"2",1,4.4,2,22030,0,1,1,1,1,0,0,1,1,0,0,0,0,0,0,0,0,1,4.46666666666667,70,7,13,43,0.231613486677275,-0.480028448492691,-0.881033302131657,0.187410713916218,1.04128440501211,8,3,2,0
"19",19,2,6,5,3,6,4,3,5,5,3,6,4,2,3,1,6,6,6,3,5,3,1,3,5,5,7,4,7,7,4,3,4,3,2,1,7,4,4,4,1,0,0,1,0,0,0,0,0,1,0,1,0,1,1,0,1,1,0,0,0,1,1,1,0,1,1,0,1,0,1,0,1,1,0,1,0,1,1,0,0,4,2,3,2,4,4,4,2,2,4,3,2,4,0,0,0,0,1,1,0,1,0,1,2,0,1,0,0,0,0,0,2,2,2,"1",1,5,2,22009,0,0,0,0,0,0,0,0,0,0,0,0,0,0,0,0,0,0,3.86666666666667,85,0,19,40,-1.87261967951839,0.174799774199537,0.143456574215242,-0.152155233080494,0.27369106717841,8,4,6,0
"21",21,4,4,3,4,5,4,5,4,3,4,3,6,2,3,5,5,5,3,5,3,3,5,5,5,3,5,3,5,6,2,2,2,2,6,5,9,4,4,2,1,0,0,1,1,0,0,0,0,0,0,1,1,1,1,0,1,1,1,0,1,1,1,1,0,1,1,0,1,0,1,0,0,1,0,0,1,1,1,0,1,4,2,1,4,2,2,4,2,3,4,3,2,4,1,2,1,2,2,2,2,3,1,2,2,0,2,1,2,1,1,1,2,2,2,"1",1,4.5,2,20038,0,1,0,0,0,0,0,1,0,0,0,0,0,0,0,0,0,0,3.93333333333333,80,2,22,37,-1.27141020346249,-0.0434763000312056,0.655701512388691,-0.491721180077207,0.358979215826599,10,5,6,0
"22",22,5,4,4,3,4,2,3,3,4,3,4,6,4,4,5,3,5,3,2,1,1,2,5,3,2,2,3,3,2,1,1,1,1,5,2,7,4,3,3,1,0,0,1,1,0,1,0,1,1,1,1,1,1,1,1,1,1,1,0,0,1,1,1,0,1,0,1,1,0,1,0,1,0,1,0,0,1,1,0,1,2,1,1,2,2,2,4,2,1,3,3,4,4,1,1,1,2,4,2,2,3,1,0,2,0,4,3,2,1,1,1,2,2,4,"1",1,2,2,22159,0,0,0,0,1,0,0,1,0,0,0,0,1,1,0,0,0,0,3.86666666666667,48,4,26,31,-0.670200727406583,-1.44044317510796,1.33869476328662,-1.17085307407063,0.27369106717841,9,8,5,4
"23",23,4,6,5,4,5,5,5,5,6,6,4,4,4,5,6,3,5,2,5,5,5,6,7,6,5,3,3,5,2,2,1,3,1,2,2,9,4,3,7,1,0,0,0,0,0,1,0,0,1,1,1,1,1,0,0,0,1,1,0,0,0,1,1,0,1,0,0,0,0,1,0,1,1,1,0,0,1,0,1,0,4,4,2,4,4,3,4,5,2,4,2,2,3,2,0,0,3,2,1,2,3,2,1,1,0,2,2,4,2,2,1,2,2,3,"1",1,4,2,22153,1,0,0,1,0,0,0,1,1,0,0,0,0,0,1,1,0,0,4.93333333333333,73,6,17,43,-0.0689912513506776,-0.349062803954245,-0.198040051233724,0.187410713916218,1.63830144554944,3,5,6,2
"24",24,3,5,5,5,5,5,4,3,5,4,3,5,2,3,5,2,5,3,4,2,5,5,5,6,4,6,6,6,6,5,1,2,2,3,1,9,5,3,3,1,0,0,1,0,0,0,1,0,1,0,1,1,0,0,0,1,1,0,0,0,1,1,1,0,0,0,0,1,0,0,0,1,1,0,1,1,1,1,1,1,1,1,1,2,3,4,5,1,1,3,2,5,4,1,0,0,1,4,2,1,2,2,1,3,1,4,4,2,2,1,1,2,2,1,"1",1,5.1,1,22099,0,0,0,0,1,0,0,0,1,0,1,0,1,1,0,1,0,0,4.13333333333333,79,6,19,33,-0.0689912513506776,-0.0871315148773541,0.143456574215242,-0.944475776072824,0.614843661771167,9,2,5,2
"25",25,5,6,6,3,4,2,4,5,5,6,2,6,6,4,6,3,6,4,7,7,6,6,7,4,5,5,5,5,5,4,4,4,3,2,5,9,2,3,4,1,0,0,1,0,0,0,0,0,1,0,1,0,0,1,1,1,1,1,0,0,0,1,1,0,0,1,0,1,0,0,0,1,0,0,0,1,0,1,1,0,4,4,4,4,4,4,4,4,4,4,4,2,4,2,1,1,1,2,0,1,3,2,0,3,0,2,1,0,1,1,1,2,2,2,"1",1,10.4,1,22306,1,0,0,0,0,0,0,1,1,0,1,0,0,0,0,0,0,0,4.66666666666667,97,4,16,50,-0.670200727406583,0.698662352353319,-0.368788363958207,0.979731256908548,1.29714885095668,7,5,2,2
"29",29,5,6,3,3,3,3,4,3,2,3,3,4,3,4,5,3,5,4,5,5,2,3,5,5,5,5,5,5,5,5,4,5,4,4,2,8,3,3,6,1,0,0,1,0,0,0,0,1,1,0,1,0,0,1,0,1,1,1,0,1,1,1,1,1,1,0,0,1,0,0,0,1,1,1,0,1,0,1,1,1,4,2,4,4,4,4,4,2,2,3,3,3,3,2,1,1,2,2,2,1,2,2,2,2,1,2,1,2,1,1,1,2,2,2,"1",1,5.5,2,22255,1,0,0,0,0,0,0,0,1,0,0,0,0,0,0,0,0,0,3.6,86,2,22,42,-1.27141020346249,0.218454989045686,0.655701512388691,0.0742220649173141,-0.0674615274143462,10,4,4,4
"31",31,6,5,2,5,6,2,4,3,2,3,3,5,4,4,2,3,6,2,5,1,1,1,5,3,2,5,2,2,4,2,2,2,2,2,5,6,3,3,4,1,0,0,1,0,0,0,0,0,1,0,1,1,1,1,0,0,1,0,1,0,0,1,0,0,1,0,1,1,0,0,0,1,0,0,0,1,1,0,0,0,2,2,2,4,1,1,4,4,3,4,3,2,3,0,4,3,3,4,1,2,4,1,2,1,0,3,2,0,0,0,2,2,2,3,"1",1,5,2,21571,0,1,1,1,1,0,0,1,0,0,0,0,1,0,0,0,0,1,3.73333333333333,57,7,15,35,0.231613486677275,-1.04754624149262,-0.539536676682691,-0.718098478075016,0.103114769882032,4,5,5,1
"32",32,4,6,2,2,4,5,3,3,3,4,4,5,1,3,3,7,6,6,7,7,7,7,6,7,7,7,7,7,7,7,6,7,7,7,7,6,2,2,6,1,1,0,0,0,0,1,0,0,1,1,1,1,1,1,0,1,1,1,1,0,0,1,0,1,1,1,0,0,0,1,0,1,1,1,0,1,1,1,0,1,5,5,5,5,5,5,5,5,5,5,5,3,4,2,0,1,4,4,2,2,4,2,3,2,1,3,2,1,0,1,2,2,2,1,"1",1,6.1,1,22012,1,0,0,1,1,0,0,1,1,1,0,0,1,0,0,0,0,1,3.46666666666667,136,8,24,62,0.532218224705228,2.40121573135311,0.997198137837658,2.3379950448954,-0.238037824710724,5,8,8,2
"35",35,4,4,3,3,3,5,3,3,5,3,3,4,5,4,5,5,4,2,3,5,2,3,5,5,5,5,3,3,3,4,3,3,3,3,3,7,4,4,3,1,0,0,0,0,0,0,0,1,1,0,1,0,1,1,0,0,0,0,0,0,1,1,1,0,1,1,0,0,0,1,0,1,0,0,1,0,1,0,1,0,4,2,4,3,4,2,2,2,3,3,2,4,4,2,2,2,3,3,1,2,3,1,2,3,1,3,1,1,1,2,1,2,2,4,"1",1,6.1,1,10516,1,1,1,1,1,0,0,1,0,0,1,0,1,0,0,0,0,0,3.8,72,8,15,39,0.532218224705228,-0.392718018800394,-0.539536676682691,-0.265343882079399,0.188402918530221,3,4,5,2
"36",36,3,3,3,2,4,2,3,4,4,2,2,5,3,2,2,5,6,6,6,3,3,3,5,7,3,4,5,5,5,2,2,3,2,1,2,8,5,4,1,1,1,0,1,0,0,0,0,0,1,0,1,1,1,1,0,1,1,0,0,1,1,1,1,0,1,0,0,1,0,1,0,0,1,0,1,1,1,1,0,0,4,3,2,4,3,4,4,2,4,3,3,4,4,1,1,1,4,3,0,3,4,3,1,2,1,2,1,1,4,1,0,2,2,1,"1",1,6,2,22198,0,0,0,1,1,0,1,1,1,0,0,0,0,0,0,1,0,0,2.93333333333333,78,6,21,44,-0.0689912513506776,-0.130786729723503,0.484953199664208,0.300599362915123,-0.920343013896237,9,3,8,0
"37",38,2,6,5,5,2,4,5,5,5,6,6,6,2,6,5,3,2,2,3,5,1,2,6,4,2,3,3,3,3,3,1,1,1,5,1,7,2,2,10,2,0,0,1,1,0,1,0,0,0,0,1,0,0,0,0,1,1,0,0,0,0,1,0,0,1,0,0,0,0,0,0,0,0,0,0,0,1,1,0,0,2,2,1,4,2,2,2,2,1,4,3,4,4,1,1,0,2,1,1,1,1,1,1,1,1,1,1,0,1,0,1,2,2,3,"1",1,3.5,1,NA,0,0,0,0,0,0,0,0,0,0,0,0,0,0,0,0,0,0,4.66666666666667,54,0,10,33,-1.87261967951839,-1.17851188603107,-1.39327824030511,-0.944475776072824,1.29714885095668,5,3,1,0
"38",39,5,6,5,5,5,3,5,5,5,5,3,4,5,5,5,5,5,2,3,6,6,3,5,6,3,3,3,3,3,3,3,3,2,2,2,7,4,4,2,1,0,0,1,0,0,1,0,0,1,0,1,0,1,0,0,1,1,1,0,0,1,0,1,0,1,0,0,0,0,1,0,0,1,0,1,1,0,0,1,1,4,4,2,4,4,2,4,2,3,4,3,4,4,1,1,1,2,2,2,1,2,1,1,2,1,1,1,1,2,1,1,2,2,3,"1",1,5.1,1,18772,0,0,0,0,0,0,0,0,0,0,0,0,0,0,0,1,0,0,4.73333333333333,71,1,17,44,-1.57201494149044,-0.436373233646542,-0.198040051233724,0.300599362915123,1.38243699960487,7,3,6,1
"39",41,4,5,4,2,5,3,4,4,2,3,4,1,4,5,5,3,3,5,3,6,6,6,2,2,5,5,5,5,5,5,5,5,5,5,5,6,4,4,1,2,1,0,0,0,0,1,1,0,1,0,1,0,1,1,0,1,0,0,0,0,0,1,1,1,1,0,0,1,0,1,0,1,0,1,1,1,0,1,0,0,4,2,1,4,3,3,3,3,3,3,3,3,3,1,1,1,1,1,1,1,1,1,1,2,0,1,2,1,1,1,1,2,2,5,"1",1,2,1,18334,0,0,0,0,0,0,0,0,0,0,0,0,0,0,0,0,0,0,3.66666666666667,91,0,19,38,-1.87261967951839,0.436731063276428,0.143456574215242,-0.378532531078303,0.0178266212338426,5,4,7,3
"40",42,5,5,5,3,4,3,2,2,2,4,2,5,4,3,3,6,7,6,6,4,5,3,6,6,7,7,7,7,5,5,2,2,3,7,4,6,3,3,6,1,0,0,1,0,0,1,1,1,1,1,1,0,1,1,0,1,1,0,0,1,1,0,1,0,1,1,0,1,1,1,1,1,1,1,0,0,1,0,1,1,4,4,3,2,3,1,4,4,2,4,4,3,3,0,0,0,0,2,0,0,0,1,0,2,0,1,0,0,0,0,1,2,2,3,"1",1,4,2,21889,0,0,0,0,0,0,0,0,0,0,0,0,0,0,0,0,0,0,3.46666666666667,105,0,26,41,-1.87261967951839,1.04790407112251,1.33869476328662,-0.0389665840815901,-0.238037824710724,9,5,6,5
"41",43,3,6,4,3,5,3,3,5,4,5,3,5,3,3,2,5,6,6,5,6,6,6,6,6,7,7,6,6,7,7,5,5,6,7,5,8,4,3,7,1,0,0,1,0,0,0,0,0,0,0,0,0,0,1,0,1,1,1,0,1,1,1,1,0,1,1,0,1,0,0,0,1,0,0,1,0,1,0,0,1,4,4,2,4,4,4,4,2,4,4,4,2,4,2,1,1,1,3,3,2,2,1,1,3,0,3,2,1,1,1,1,2,2,2,"1",1,4,2,22246,1,0,0,0,1,1,0,0,0,0,1,0,1,0,0,0,0,0,3.8,120,5,16,46,-0.36959598937863,1.70273229381474,-0.368788363958207,0.526976660912931,0.188402918530221,8,4,3,0
"42",44,3,6,5,4,4,5,3,5,5,3,5,6,3,3,4,2,3,4,5,4,2,3,2,3,2,2,3,2,4,2,2,2,2,3,3,7,3,2,6,2,0,0,0,0,0,1,1,0,0,0,0,1,1,0,1,0,0,0,0,1,0,1,1,0,1,0,0,0,0,0,0,1,1,1,1,0,0,0,0,0,1,1,3,4,3,2,4,1,2,4,3,4,4,1,1,0,2,2,1,1,2,1,0,3,0,2,3,0,1,0,2,2,2,5,"1",1,2,2,16387,0,0,0,0,0,0,0,0,0,0,1,0,0,1,0,0,0,1,4.26666666666667,55,3,13,36,-0.970805465434535,-1.13485667118492,-0.881033302131657,-0.604909829076111,0.785419959067544,2,2,6,3
"43",45,3,5,5,2,5,1,2,2,2,2,3,3,4,4,3,5,6,5,5,3,3,3,5,5,6,6,6,6,5,6,3,3,3,5,3,8,3,4,4,1,0,0,1,0,0,0,1,0,1,0,0,1,1,0,1,0,0,0,0,0,0,1,1,0,0,0,1,0,0,0,0,1,1,1,1,1,1,0,0,0,2,2,4,2,2,2,4,2,2,4,3,2,4,1,1,0,1,3,1,1,2,1,1,2,1,2,2,1,2,1,1,2,2,5,"1",1,3,2,10465,0,0,0,0,1,0,0,0,0,0,0,0,0,0,0,1,0,0,3.06666666666667,92,2,15,35,-1.27141020346249,0.480386278122577,-0.539536676682691,-0.718098478075016,-0.749766716599858,2,3,6,4
"44",46,4,6,4,4,4,5,4,4,3,4,5,5,3,3,5,2,2,2,2,4,2,5,5,5,2,2,3,3,3,3,2,2,2,3,5,7,4,3,4,1,0,0,1,0,0,1,0,0,0,0,1,0,0,0,0,0,0,1,0,0,0,0,0,0,0,0,1,0,0,0,0,0,0,0,0,0,0,0,0,0,3,2,2,4,4,2,3,2,2,3,3,2,4,1,2,1,3,3,3,1,2,1,0,3,1,2,1,2,0,1,1,2,2,2,"1",1,3,2,22381,0,1,0,1,1,1,0,0,0,0,1,0,0,0,0,0,0,0,4.2,59,5,5,36,-0.36959598937863,-0.960235811800325,-2.24701980392752,-0.604909829076111,0.700131810419355,2,3,0,1
"46",48,2,2,2,4,3,1,3,2,2,3,2,4,2,3,5,6,5,4,5,3,3,5,7,5,6,6,6,6,5,5,4,3,4,2,1,5,2,1,10,1,1,0,1,0,1,0,1,0,1,1,1,0,1,0,1,1,1,1,0,1,1,1,1,1,1,1,1,1,1,1,0,1,1,1,1,1,1,1,1,1,3,2,2,4,3,4,4,2,3,4,3,4,5,3,1,2,3,3,3,2,3,3,4,3,1,3,2,3,3,2,2,2,2,1,"1",1,6.8,1,22084,1,0,1,1,1,1,0,1,1,1,1,0,1,0,1,1,0,1,2.66666666666667,91,13,32,43,2.03524191484499,0.436731063276428,2.36318463963352,0.187410713916218,-1.26149560848899,10,6,9,7
"47",49,2,5,2,2,3,1,5,5,3,3,2,5,2,2,4,4,6,3,5,5,5,6,2,6,6,6,6,6,6,6,2,1,1,3,5,7,3,2,5,1,1,0,0,0,0,1,0,0,0,1,0,0,1,0,0,1,1,0,0,0,1,1,0,1,1,1,1,0,0,1,0,0,0,0,0,0,0,0,0,0,3,4,4,4,4,3,4,4,1,4,3,5,5,3,2,1,4,4,2,2,4,2,3,4,0,1,1,2,2,2,2,2,2,2,"1",1,4.4,1,19885,1,1,0,1,1,0,0,1,1,1,1,0,0,0,0,1,0,1,3.06666666666667,90,10,13,48,1.13342770076113,0.39307584843028,-0.881033302131657,0.75335395891074,-0.749766716599858,3,5,4,2
"48",50,3,3,2,2,4,3,4,4,3,3,3,6,1,3,5,3,5,3,5,5,5,6,6,6,6,6,6,6,6,6,2,4,3,6,5,8,3,4,3,2,0,0,0,1,0,1,1,1,1,1,0,0,1,1,0,0,0,1,1,0,1,1,0,0,0,1,0,0,0,0,0,1,0,1,0,1,0,0,0,0,3,2,2,4,4,2,4,4,2,5,3,4,4,2,2,0,1,4,2,2,2,2,1,1,0,3,2,1,0,0,1,2,2,5,"1",1,2.5,2,9775,1,1,0,0,1,0,0,0,1,0,0,0,1,0,0,0,0,0,3.26666666666667,100,5,16,43,-0.36959598937863,0.829627996891765,-0.368788363958207,0.187410713916218,-0.493902270655292,1,9,3,3
"49",51,6,6,3,3,5,3,5,5,5,5,5,3,3,3,2,5,5,4,5,5,2,6,6,4,4,5,3,3,3,5,2,2,2,2,2,7,3,3,9,1,0,0,1,0,0,0,0,0,1,0,0,1,0,1,0,1,1,1,0,0,0,1,0,0,0,1,1,0,0,1,0,1,0,0,1,0,1,1,1,1,4,3,4,4,4,4,4,2,3,4,4,4,4,1,0,0,1,3,1,1,2,1,1,3,0,2,0,0,0,0,0,2,2,2,"1",1,8.1,1,17761,0,0,0,0,1,0,0,0,0,0,1,0,0,0,0,0,0,0,4.13333333333333,75,2,17,48,-1.27141020346249,-0.261752374261948,-0.198040051233724,0.75335395891074,0.614843661771167,5,6,4,2
"50",52,3,4,5,4,5,2,4,5,2,4,2,2,4,3,4,5,5,3,6,3,3,4,4,6,5,6,6,7,7,5,3,4,4,3,5,8,4,3,3,1,0,0,0,0,0,1,0,1,1,0,1,0,1,1,0,1,1,1,0,0,0,1,1,0,1,0,1,1,0,1,0,1,0,1,1,1,1,0,1,0,3,2,4,2,3,3,4,4,3,4,4,5,5,3,2,1,3,4,1,2,2,1,4,2,0,2,3,1,1,3,1,2,2,3,"1",1,5,1,18271,1,1,0,1,1,0,0,0,0,1,0,0,0,1,0,0,1,0,3.53333333333333,94,7,21,46,0.231613486677275,0.567696707814874,0.484953199664208,0.526976660912931,-0.152749676062536,5,6,6,4
"51",53,4,5,4,3,5,3,4,3,2,4,3,3,3,3,5,3,6,4,7,5,2,5,3,7,7,7,5,7,5,5,2,4,3,2,4,7,4,4,2,1,0,0,1,0,0,0,0,0,1,1,1,1,1,0,0,1,1,0,0,0,1,1,1,0,1,0,0,1,0,0,0,1,1,1,1,0,0,1,1,0,5,5,4,5,4,5,5,3,4,4,4,3,3,1,2,0,2,2,1,2,3,1,1,2,0,1,1,1,1,1,2,2,2,2,"1",1,7,2,21934,0,1,0,0,0,0,0,1,0,0,0,0,0,0,0,0,0,1,3.6,93,3,19,54,-0.970805465434535,0.524041492968725,0.143456574215242,1.43248585290417,-0.0674615274143462,8,3,6,2
"53",55,3,3,3,1,5,1,2,2,1,3,3,3,2,3,6,5,7,7,2,6,7,7,7,7,7,7,7,7,7,5,2,6,6,7,3,6,4,2,2,1,1,1,1,0,0,0,1,0,1,1,1,0,1,1,0,1,1,0,0,0,1,1,1,0,1,1,1,0,1,1,0,1,1,0,1,1,1,1,0,0,4,4,3,5,5,5,4,3,4,4,4,2,4,2,1,0,2,2,1,2,4,1,1,3,0,0,0,4,3,3,2,2,2,3,"1",1,1.9,1,22297,1,0,0,0,0,0,0,1,0,0,1,0,0,0,1,1,1,1,2.73333333333333,119,7,25,51,0.231613486677275,1.65907707896859,1.16794645056214,1.09291990590745,-1.1762074598408,7,6,9,3
"54",56,3,3,2,3,2,5,4,3,4,2,2,1,2,2,3,6,6,5,7,5,3,5,6,7,3,5,5,3,5,5,3,2,2,3,3,7.5,4,4,2,1,0,0,1,1,0,0,0,0,0,0,1,0,0,0,0,1,1,0,0,1,1,0,1,1,1,0,0,1,0,0,0,0,0,0,0,0,1,1,0,1,4,4,2,4,4,5,5,2,3,4,4,5,5,1,2,3,3,1,1,3,3,3,3,2,1,2,1,3,1,1,2,2,2,3,"1",1,3,2,21913,0,1,1,1,0,0,1,1,1,1,0,0,0,0,1,0,0,1,2.73333333333333,89,9,14,51,0.83282296273318,0.349420633584131,-0.710284989407174,1.09291990590745,-1.1762074598408,10,1,1,1
"56",58,6,5,5,6,6,4,4,5,6,6,5,6,6,6,6,3,5,1,5,1,1,4,5,6,2,4,1,1,4,4,4,3,3,2,2,7,3,4,5,1,1,0,1,1,0,0,0,0,1,1,1,1,1,0,0,0,1,1,0,0,1,1,1,0,1,0,1,0,0,1,0,1,1,1,1,1,1,0,1,0,2,2,3,2,3,4,4,3,2,4,4,4,4,0,2,2,4,3,1,2,2,1,2,2,1,3,1,1,2,1,1,2,2,4,"1",1,5.1,2,10258,0,1,1,1,1,0,0,0,0,0,0,0,1,0,0,1,0,0,5.46666666666667,61,6,23,41,-0.0689912513506776,-0.872925382108028,0.826449825113175,-0.0389665840815901,2.32060663473495,5,6,9,3
"59",61,3,3,1,1,5,4,3,2,1,1,1,1,1,2,1,6,6,7,6,5,1,2,6,6,5,5,6,6,5,2,2,5,7,7,7,8,2,3,5,1,0,1,0,1,1,1,1,0,1,1,1,1,1,1,0,0,0,0,1,1,1,1,1,1,1,1,1,1,1,1,0,1,1,0,1,1,1,1,0,1,2,2,2,2,2,1,4,2,4,4,4,5,5,2,3,0,4,3,1,4,4,4,3,2,0,3,2,4,4,3,4,2,2,2,"1",1,12.1,2,22300,1,1,0,1,1,0,1,1,1,1,0,0,1,0,1,1,1,1,2,102,13,30,39,2.03524191484499,0.916938426584062,2.02168801418456,-0.265343882079399,-2.11437709497088,7,9,9,5
"60",62,3,3,2,2,2,2,2,2,2,2,2,4,2,2,2,5,5,5,5,5,3,4,5,6,5,5,5,5,5,5,5,5,5,5,5,7,4,4,1,1,0,1,1,0,1,1,1,1,1,0,1,1,1,1,0,1,1,1,0,0,1,1,1,1,1,1,1,1,0,1,0,1,0,1,1,1,1,0,0,0,4,3,4,3,4,4,4,4,2,4,3,4,4,1,3,2,3,4,4,3,3,3,3,4,1,3,3,1,3,1,2,2,2,4,"1",1,3,2,22237,0,1,1,1,1,1,1,1,1,1,1,0,1,1,0,1,0,1,2.26666666666667,98,14,28,47,2.33584665287294,0.742317567199468,1.68019138873559,0.640165309911835,-1.77322450037813,7,7,7,7
"61",64,3,3,3,3,3,3,4,3,3,2,3,3,2,2,4,4,4,4,4,4,4,4,4,4,4,4,4,4,4,4,4,4,4,4,4,7,4,2,4,1,1,0,1,0,0,1,0,0,1,0,0,0,1,1,0,1,0,0,0,0,1,1,1,0,1,0,0,1,1,1,0,1,0,1,1,1,0,1,0,0,3,3,3,3,3,3,3,3,3,3,3,3,3,2,2,2,2,2,2,2,2,2,2,2,2,2,2,2,2,2,1,2,2,4,"1",1,4,2,17992,1,1,1,0,0,0,0,0,1,0,0,1,0,0,0,1,0,0,2.93333333333333,80,6,19,39,-0.0689912513506776,-0.0434763000312056,0.143456574215242,-0.265343882079399,-0.920343013896237,6,4,8,1
"62",65,2,6,3,2,1,3,3,2,2,2,2,6,2,2,3,7,6,7,6,7,7,7,7,7,7,7,7,7,7,7,7,7,7,7,7,6,3,2,6,1,0,0,0,0,0,0,0,0,0,0,0,1,1,1,0,0,1,1,0,0,1,1,0,0,0,0,0,1,1,1,0,1,1,0,1,0,1,0,0,0,5,5,4,5,5,5,5,5,5,5,5,5,5,1,0,1,1,2,1,2,2,1,2,3,1,2,4,1,0,0,0,2,2,4,"1",1,6.4,1,22405,0,0,0,0,0,0,0,0,0,0,1,0,0,1,0,0,0,0,2.73333333333333,138,2,14,64,-1.27141020346249,2.48852616104541,-0.710284989407174,2.56437234289321,-1.1762074598408,3,3,7,0
"63",67,3,5,3,5,6,5,4,6,3,3,6,6,2,5,6,6,5,5,5,1,2,4,4,5,1,3,5,1,5,1,1,1,1,3,1,9,3,4,3,2,1,1,1,0,0,1,1,0,1,1,1,1,1,0,0,0,0,0,1,0,0,1,0,0,1,1,1,0,1,1,0,1,0,0,0,1,1,0,1,1,3,4,1,2,1,2,2,1,3,5,3,4,4,3,4,0,1,2,3,1,2,1,0,4,0,2,2,1,0,2,2,2,2,1,"1",1,4.9,2,20077,1,1,0,0,0,1,0,0,0,0,1,0,0,0,0,0,0,1,4.53333333333333,60,5,22,35,-0.36959598937863,-0.916580596954176,0.655701512388691,-0.718098478075016,1.1265725536603,3,7,8,4
"64",68,4,6,5,3,2,2,2,3,3,2,4,3,4,3,3,2,3,1,2,1,2,1,2,1,2,2,2,2,3,2,1,1,1,1,1,6,2,4,4,2,0,0,0,0,0,1,0,0,0,0,1,0,0,1,0,1,1,1,0,1,0,1,0,0,1,0,1,1,0,0,0,0,1,0,0,0,1,0,0,1,1,1,1,2,1,1,2,1,1,3,1,1,1,2,0,1,2,4,2,1,1,2,1,4,0,3,2,3,2,1,1,2,2,2,"1",1,3,1,18265,1,0,0,0,1,0,0,0,1,0,1,0,1,0,1,1,0,0,3.26666666666667,33,7,14,17,0.231613486677275,-2.09527139780019,-0.710284989407174,-2.75549416005529,-0.493902270655292,6,5,2,1
"65",69,3,5,4,1,2,6,2,2,1,1,2,1,3,2,1,5,6,6,6,3,2,3,7,5,3,7,5,5,6,5,2,1,1,3,2,5,2,3,7,1,0,0,1,0,0,1,1,0,1,0,1,1,0,1,0,1,1,1,0,1,0,1,1,0,1,0,0,0,1,0,0,1,1,0,1,0,1,1,0,1,4,2,2,3,2,3,4,2,2,3,4,4,4,4,2,0,3,4,2,2,3,1,0,4,1,3,2,1,0,1,1,2,2,2,"1",1,5.7,1,20251,1,1,0,1,1,0,0,1,0,0,1,0,1,0,0,0,0,0,2.4,83,7,21,39,0.231613486677275,0.08748934450724,0.484953199664208,-0.265343882079399,-1.60264820308175,8,5,6,1
"66",70,5,5,5,3,5,2,4,4,4,3,4,3,3,5,2,5,5,4,6,4,5,4,3,6,4,5,5,5,6,4,3,3,4,3,3,7,3,3,3,1,0,0,1,1,0,1,1,0,1,0,1,1,1,0,0,1,1,1,0,1,0,1,1,0,1,1,0,0,1,1,0,1,0,0,1,1,1,0,0,1,4,4,3,3,2,3,2,3,4,4,4,2,2,1,1,0,1,3,2,1,2,2,2,1,1,2,1,2,3,1,1,2,2,2,"1",1,5.1,1,22351,0,0,0,0,1,0,0,0,1,0,0,0,0,0,0,1,0,0,3.8,87,3,23,40,-0.970805465434535,0.262110203891834,0.826449825113175,-0.152155233080494,0.188402918530221,7,6,8,1
"67",71,4,4,4,3,5,4,3,3,3,3,3,4,2,3,3,2,5,3,5,3,2,3,4,5,3,5,3,4,3,3,2,1,2,3,3,8,3,3,3,2,0,0,1,1,0,1,0,1,0,1,1,1,0,1,1,1,1,1,0,1,1,1,1,0,1,0,0,1,0,0,0,1,0,1,1,0,1,1,0,1,3,3,2,2,2,2,4,4,1,4,2,4,4,2,2,1,2,3,3,1,2,2,2,3,1,3,3,2,2,2,2,2,2,1,"1",1,3.9,2,22186,1,1,0,0,1,1,0,0,1,0,1,0,1,1,0,1,0,1,3.4,64,10,24,37,1.13342770076113,-0.741959737569582,0.997198137837658,-0.491721180077207,-0.323325973358914,10,6,4,3
"68",72,4,2,3,2,5,5,5,5,2,3,2,4,3,3,2,4,6,3,6,6,4,6,5,5,6,6,6,6,6,6,6,6,6,6,6,8,4,3,3,1,0,0,1,0,0,1,0,0,1,0,1,0,1,1,0,1,1,0,0,0,1,1,0,1,1,0,0,1,1,1,0,1,0,1,1,1,1,1,0,1,4,4,3,3,4,4,4,4,3,4,4,3,2,1,1,2,2,3,2,2,3,1,2,2,1,2,2,1,1,1,1,2,2,3,"1",1,5.4,2,17968,0,0,1,0,1,0,0,1,0,0,0,0,0,0,0,0,0,0,3.33333333333333,111,3,22,46,-0.970805465434535,1.3098353601994,0.655701512388691,0.526976660912931,-0.408614122007102,8,4,7,2
"70",74,6,5,4,5,5,3,4,4,4,3,2,6,1,5,3,4,6,2,5,1,1,6,3,3,4,5,3,3,7,3,1,1,1,2,2,7,3,2,3,1,0,0,1,1,0,1,0,0,1,0,1,0,1,1,0,1,1,0,0,0,0,1,1,0,1,0,0,1,0,0,0,1,0,0,0,0,1,1,0,0,4,2,2,1,3,2,5,1,2,3,3,2,4,3,2,2,4,1,1,2,3,1,1,2,0,2,3,2,2,1,2,2,2,3,"1",1,7.5,1,22354,1,1,1,1,0,0,0,1,0,0,0,0,0,1,0,1,0,1,4,63,8,16,34,0.532218224705228,-0.785614952415731,-0.368788363958207,-0.83128712707392,0.444267364474788,7,5,3,0
"71",75,3,4,3,2,2,2,2,3,2,2,4,1,3,2,3,6,7,6,6,6,3,6,6,6,6,6,6,6,6,6,3,3,3,6,3,6,3,3,5,1,0,0,1,0,0,1,0,1,1,0,1,0,1,1,1,1,1,0,0,0,0,1,1,0,1,0,0,1,1,0,0,1,0,1,1,0,1,0,0,1,4,4,4,4,2,4,4,2,3,4,3,3,3,2,1,1,1,3,1,1,2,2,2,1,1,2,2,1,2,3,3,2,2,1,"1",1,5.8,1,21943,1,0,0,0,1,0,0,0,1,0,0,0,0,0,0,1,1,1,2.53333333333333,106,6,20,44,-0.0689912513506776,1.09155928596866,0.314204886939725,0.300599362915123,-1.43207190578537,7,4,5,3
"72",76,6,6,6,5,6,2,6,6,3,6,6,6,1,6,6,5,5,5,5,5,3,1,5,5,5,5,5,5,5,5,2,2,2,5,1,10,4,5,3,1,0,0,0,0,0,1,0,1,0,0,0,0,0,0,0,0,1,0,0,0,0,1,0,0,0,0,0,0,0,0,0,1,1,0,0,0,1,0,1,0,3,2,3,5,4,3,5,5,2,5,3,4,4,1,0,0,1,1,1,0,2,0,0,2,1,1,0,0,0,0,1,2,2,5,"1",1,3.9,1,19279,0,0,0,0,0,0,0,0,0,0,0,0,0,0,0,0,0,0,5.13333333333333,81,0,8,48,-1.87261967951839,0.000178914814942977,-1.73477486575407,0.75335395891074,1.894165891494,1,2,2,2
"73",77,4,5,5,3,3,4,3,4,5,4,6,5,2,3,2,5,6,2,6,3,1,2,5,5,2,3,3,3,6,2,2,1,1,6,1,7,3,3,3,1,0,0,0,0,0,1,0,0,1,0,0,0,0,1,0,0,1,0,0,0,0,1,0,0,0,0,0,0,0,0,0,1,0,0,1,0,1,0,1,1,2,2,2,4,2,2,4,1,4,4,4,5,5,1,2,1,3,2,1,1,3,1,2,2,0,2,2,1,1,1,1,2,2,3,"1",1,3,2,19861,0,1,0,1,0,0,0,1,0,0,0,0,0,0,0,0,0,0,3.86666666666667,65,3,10,41,-0.970805465434535,-0.698304522723433,-1.39327824030511,-0.0389665840815901,0.27369106717841,2,4,2,1
"74",78,5,5,4,2,5,1,3,3,3,4,3,5,3,3,5,5,6,5,5,3,5,5,5,3,5,6,3,6,3,6,1,1,1,5,2,7,3,3,1,1,0,0,1,0,0,0,0,0,0,0,0,0,0,0,0,1,1,0,0,1,1,1,1,0,1,1,0,0,1,0,0,1,0,1,1,1,0,0,1,1,2,2,2,2,2,2,4,2,2,2,2,2,2,1,1,2,3,1,1,2,2,2,2,2,1,2,0,1,0,1,1,2,2,1,"1",1,3.9,1,22417,0,0,1,1,0,0,0,0,1,0,0,0,0,0,0,0,0,0,3.6,81,3,16,28,-0.970805465434535,0.000178914814942977,-0.368788363958207,-1.51041902106735,-0.0674615274143462,7,2,5,2
"75",79,2,4,5,3,4,3,3,3,2,3,3,4,1,2,4,6,6,4,4,5,5,2,5,3,6,6,5,5,5,3,2,1,2,6,5,6,5,4,2,1,0,0,1,0,0,1,0,1,0,0,1,0,0,1,1,1,1,1,0,0,1,1,1,0,1,0,0,1,0,0,0,1,1,1,0,0,1,0,1,1,2,2,2,4,2,2,4,2,1,3,3,4,4,2,1,2,3,3,3,2,3,1,2,3,1,2,1,2,2,1,1,2,2,1,"1",1,4,2,21871,1,0,1,1,1,1,0,1,0,0,1,0,0,0,0,1,0,0,3.06666666666667,86,8,20,35,0.532218224705228,0.218454989045686,0.314204886939725,-0.718098478075016,-0.749766716599858,8,4,3,4
"76",80,3,5,3,4,5,5,5,5,5,4,3,3,4,4,2,2,3,3,3,4,3,5,5,3,5,5,5,5,5,5,3,3,3,3,2,7,3,3,4,1,0,0,1,1,0,1,0,1,1,0,1,0,1,1,0,1,1,0,0,0,0,1,0,0,1,1,0,0,0,0,0,0,0,0,0,1,1,1,1,1,2,2,2,2,3,2,3,1,4,4,2,4,4,2,2,1,3,3,3,2,3,2,3,2,1,2,1,2,1,1,1,2,2,2,"1",1,8,1,21883,1,1,0,1,1,1,0,1,1,1,0,0,0,0,0,0,0,0,4,75,8,18,35,0.532218224705228,-0.261752374261948,-0.0272917385092412,-0.718098478075016,0.444267364474788,6,6,3,2
"78",82,5,6,2,2,6,5,2,4,2,4,2,6,3,4,6,2,6,1,5,3,2,2,1,1,5,6,4,6,3,4,1,1,1,1,1,7,3,3,4,2,0,0,0,0,0,1,0,1,1,0,0,0,0,1,0,1,1,1,0,0,1,1,1,0,1,0,0,1,0,0,0,0,0,0,0,0,1,0,0,1,2,1,2,1,2,3,4,1,1,1,3,4,5,1,1,2,1,3,2,1,2,2,1,1,1,2,0,0,0,0,1,2,2,9,"1",1,2.5,2,15721,0,0,1,0,1,0,0,0,1,0,0,0,0,0,0,0,0,0,3.93333333333333,56,3,14,30,-0.970805465434535,-1.09120145633877,-0.710284989407174,-1.28404172306954,0.358979215826599,6,5,1,1
"80",84,3,5,3,2,4,5,4,4,2,3,4,4,2,3,3,6,5,4,3,3,2,4,5,3,4,5,2,3,5,4,2,1,4,1,1,6,3,3,7,1,1,0,1,1,0,0,0,1,1,1,1,0,1,0,0,1,1,1,0,1,1,1,0,0,1,1,1,1,0,1,0,0,0,0,0,1,1,1,0,1,4,3,3,4,2,2,3,2,3,4,4,2,4,2,1,0,2,2,2,2,2,2,1,2,0,2,3,2,3,3,3,2,2,1,"1",1,4.9,1,20008,1,0,0,0,0,0,0,0,1,0,0,0,0,1,0,1,1,1,3.4,67,6,23,40,-0.0689912513506776,-0.610994093031136,0.826449825113175,-0.152155233080494,-0.323325973358914,9,7,5,2
"81",85,2,2,3,5,5,1,2,2,3,2,1,2,1,1,1,3,5,3,5,6,5,2,5,3,5,5,3,3,5,2,1,3,1,1,1,7,4,1,2,1,1,0,1,0,0,1,0,0,1,1,1,0,1,0,0,1,1,1,0,0,1,1,0,1,1,1,1,1,1,1,0,0,1,0,1,1,1,1,0,1,2,2,2,2,4,2,5,2,2,5,4,5,4,1,0,4,3,4,1,1,3,4,4,4,2,3,3,4,4,4,3,2,2,3,"1",1,4.1,2,16717,0,0,1,1,1,0,0,1,1,1,1,1,1,1,1,1,1,1,2.2,67,14,25,41,2.33584665287294,-0.610994093031136,1.16794645056214,-0.0389665840815901,-1.85851264902632,8,7,8,2
"82",86,4,4,3,3,2,4,3,5,4,3,3,2,2,3,5,6,6,5,5,4,5,4,5,5,5,5,5,5,5,4,3,3,3,5,4,7,4,2,2,1,0,0,0,0,0,0,0,0,0,0,1,0,0,0,0,1,1,0,0,1,1,1,1,0,0,0,0,0,0,0,0,1,0,0,1,1,1,0,0,1,3,2,4,3,2,2,4,1,4,3,3,3,2,1,2,1,2,3,3,1,2,2,1,1,0,2,2,1,2,1,0,2,2,5,"1",1,6,2,22150,0,1,0,0,1,1,0,0,1,0,0,0,0,0,0,1,0,0,3.33333333333333,92,5,12,36,-0.36959598937863,0.480386278122577,-1.05178161485614,-0.604909829076111,-0.408614122007102,7,1,3,0
"83",87,4,5,2,2,3,3,3,2,2,3,3,3,2,3,4,5,6,5,6,6,5,6,6,6,6,7,6,6,7,6,5,5,5,5,4,8,3,3,5,1,0,0,0,0,0,0,0,0,1,0,0,0,0,1,0,1,1,0,0,0,0,1,0,0,0,0,0,0,0,0,0,1,1,0,1,1,0,0,1,0,4,4,4,4,4,4,4,3,3,4,4,4,4,2,2,1,3,3,2,2,3,2,1,2,1,3,4,2,2,3,2,2,2,3,"1,5",1,5,1,14935,1,1,0,1,1,0,0,1,1,0,0,0,1,1,0,1,1,1,2.93333333333333,113,11,10,50,1.43403243878909,1.3971457898917,-1.39327824030511,0.979731256908548,-0.920343013896237,2,3,4,1
"84",88,4,5,4,2,3,2,2,1,1,3,2,2,4,4,4,6,6,3,6,5,6,6,7,5,5,6,5,5,5,5,5,4,4,2,5,10,3,4,5,1,1,0,0,1,0,1,0,0,1,0,1,1,1,0,0,1,1,0,0,0,1,1,1,1,1,1,1,1,1,1,0,1,1,1,1,1,0,1,1,0,4,3,4,3,2,4,4,2,3,4,4,5,5,2,1,0,4,2,4,1,3,2,0,3,1,1,3,3,2,3,1,2,2,1,"1",1,5,1,21892,1,0,0,1,0,1,0,1,1,0,1,0,0,1,1,1,1,0,2.86666666666667,101,10,26,47,1.13342770076113,0.873283211737914,1.33869476328662,0.640165309911835,-1.00563116254443,7,6,10,4
"85",89,6,6,4,2,6,3,5,5,5,5,3,6,6,6,6,2,5,2,5,2,1,2,1,5,1,1,1,2,1,1,1,1,1,1,2,8,3,2,4,1,1,0,1,0,0,1,0,0,1,0,1,0,1,1,0,1,1,0,0,1,1,1,1,1,1,0,0,0,0,1,0,0,1,1,0,1,0,1,0,1,4,3,2,2,2,2,4,4,2,3,3,4,3,0,0,2,2,1,2,1,3,0,1,2,0,1,3,1,2,1,1,2,2,3,"1",1,2,1,16693,0,0,1,0,0,0,0,1,0,0,0,0,0,1,0,1,0,0,4.93333333333333,38,4,21,38,-0.670200727406583,-1.87699532356944,0.484953199664208,-0.378532531078303,1.63830144554944,9,4,6,2
"86",90,6,5,4,4,3,5,4,5,2,3,2,5,2,5,5,4,6,5,5,3,4,4,5,6,5,6,5,6,6,5,4,5,5,6,4,9,4,3,3,1,0,0,1,1,0,1,0,0,1,1,1,0,1,1,0,1,1,1,0,0,0,1,1,0,1,1,1,1,0,1,0,1,0,0,1,1,1,1,0,1,4,2,4,4,3,4,4,4,3,4,4,3,4,2,2,1,3,2,3,1,2,2,3,3,3,2,1,2,2,1,1,2,2,1,"1",1,5.4,2,22309,1,1,0,1,0,1,0,0,1,1,1,1,0,0,0,1,0,0,4,99,9,24,47,0.83282296273318,0.785972782045616,0.997198137837658,0.640165309911835,0.444267364474788,8,9,6,1
"87",91,3,5,4,1,3,2,3,1,3,1,3,1,1,1,1,2,4,2,4,2,1,3,2,4,2,3,2,5,5,3,2,1,1,1,1,10,2,3,3,1,0,0,0,1,0,0,1,0,1,0,1,1,0,1,1,0,1,0,0,1,1,1,1,0,1,0,0,1,0,0,0,1,0,1,1,0,1,1,1,1,2,1,1,2,3,2,3,3,3,4,3,3,4,2,2,4,2,3,2,1,2,1,2,2,0,2,3,1,2,0,1,2,2,2,"1",1,3.9,2,19993,1,1,1,0,1,0,0,0,0,0,0,0,0,1,0,1,0,0,2.2,50,6,21,34,-0.0689912513506776,-1.35313274541566,0.484953199664208,-0.83128712707392,-1.85851264902632,8,4,4,4
"88",92,4,6,5,4,5,2,5,5,5,4,4,3,3,4,4,6,6,3,5,2,2,5,3,6,3,3,5,3,5,2,4,5,4,4,2,8,4,2,3,1,1,0,0,0,0,0,0,0,1,0,1,0,0,0,0,0,1,0,0,0,1,1,0,0,1,0,1,1,1,0,0,1,1,1,0,0,1,0,1,1,4,2,2,3,2,2,4,2,2,4,3,2,4,1,1,1,3,2,1,2,3,1,1,1,0,1,1,2,2,2,1,2,2,5,"1",1,5,2,12733,0,0,0,1,0,0,0,1,0,0,0,0,0,0,0,1,0,0,4.2,78,3,16,36,-0.970805465434535,-0.130786729723503,-0.368788363958207,-0.604909829076111,0.700131810419355,5,3,5,3
"89",93,6,3,2,4,5,2,4,3,2,5,4,3,1,2,5,5,3,2,5,4,2,3,2,6,5,3,5,5,3,3,2,2,2,2,3,8,2,3,3,2,1,0,1,0,0,1,0,1,1,0,1,0,1,1,0,0,1,1,0,1,1,1,1,1,1,1,1,0,0,1,0,1,1,1,1,1,1,1,0,0,4,2,2,3,2,3,4,2,2,2,4,2,2,3,2,1,2,1,1,1,2,2,2,2,1,1,1,1,2,1,1,2,2,2,"1",1,4,2,20497,1,1,0,0,0,0,0,0,1,0,0,0,0,0,0,1,0,0,3.4,67,4,26,34,-0.670200727406583,-0.610994093031136,1.33869476328662,-0.83128712707392,-0.323325973358914,7,7,8,4
"91",95,3,6,3,1,2,3,3,4,2,4,4,4,4,4,3,6,7,7,7,7,5,5,5,6,6,7,3,6,7,4,5,6,6,6,7,6,2,1,4,1,1,0,1,0,1,1,0,1,1,0,1,0,0,1,0,1,1,1,0,1,1,1,1,1,1,1,1,1,1,1,0,1,1,0,1,0,1,1,0,1,4,3,3,3,3,4,5,1,1,3,4,3,5,4,0,0,1,3,2,2,3,3,3,2,2,3,2,2,2,2,1,2,2,2,"1",1,8,1,21136,1,0,0,0,1,0,0,1,1,1,0,1,1,0,0,1,0,0,3.33333333333333,118,8,28,42,0.532218224705228,1.61542186412244,1.68019138873559,0.0742220649173141,-0.408614122007102,10,7,7,4
"92",97,4,6,3,2,5,3,5,4,5,6,5,6,2,4,3,5,6,2,6,3,2,3,2,6,5,3,3,5,3,2,5,6,6,5,6,8,2,2,3,1,1,0,1,1,0,1,0,0,1,1,1,0,1,0,0,1,1,1,0,1,1,1,1,1,1,0,1,1,1,1,0,0,1,0,0,0,1,1,0,1,4,4,2,2,2,4,4,4,4,5,4,4,4,1,1,2,4,3,1,2,3,1,1,1,1,2,1,0,1,1,1,2,2,2,"1",1,5,2,20278,0,0,1,1,1,0,0,1,0,0,0,0,0,0,0,0,0,0,4.2,84,4,25,47,-0.670200727406583,0.131144559353389,1.16794645056214,0.640165309911835,0.700131810419355,10,7,6,2
"93",98,4,6,5,3,3,4,3,3,4,3,4,5,5,4,6,1,2,4,2,4,5,4,2,4,2,2,1,1,2,1,1,1,1,1,1,9,4,4,7,1,0,0,1,0,0,1,0,0,0,0,1,0,0,0,1,1,1,0,1,0,1,1,1,1,1,1,1,0,1,1,0,1,1,1,1,1,0,1,0,1,1,1,4,1,2,2,2,1,1,2,2,2,4,1,1,1,2,1,2,1,2,1,1,2,1,1,1,1,1,1,1,2,2,1,"1",1,1,1,21946,0,0,0,0,0,0,0,0,0,0,0,0,0,0,0,0,0,0,4.13333333333333,42,0,23,25,-1.87261967951839,-1.70237446418485,0.826449825113175,-1.84998496806406,0.614843661771167,8,5,7,4
"94",99,3,5,3,1,5,6,5,5,4,5,2,5,3,5,4,4,5,3,6,4,2,5,7,7,6,6,6,6,6,5,3,4,3,4,4,7,4,2,2,1,0,0,1,0,0,0,1,1,1,1,1,1,1,1,0,0,1,0,1,0,1,1,1,0,1,0,1,1,0,1,0,1,0,0,1,0,1,1,0,1,4,4,4,4,3,3,5,2,3,3,4,4,4,4,1,2,4,4,1,2,4,1,1,2,1,3,1,3,4,4,3,2,2,1,"1",1,4.8,2,22228,1,0,1,1,1,0,0,1,0,0,0,0,1,0,1,1,1,1,4.06666666666667,96,10,23,47,1.13342770076113,0.655007137507171,0.826449825113175,0.640165309911835,0.529555513122977,8,6,6,3
"95",100,2,6,5,3,6,4,1,1,2,2,1,1,3,3,6,5,6,2,7,4,6,6,5,5,7,7,5,7,5,6,2,1,6,4,3,6,3,2,2,1,0,0,1,0,0,1,0,1,0,0,1,0,0,0,0,1,1,0,0,0,1,1,1,0,0,1,0,1,0,0,0,0,0,0,0,0,1,1,0,1,4,5,3,5,5,5,5,3,5,5,5,1,4,1,0,0,1,0,0,1,1,2,0,2,0,1,0,0,0,1,0,2,2,3,"1",1,4.7,1,22261,0,0,0,0,0,0,0,0,1,0,0,0,0,0,0,0,0,0,3.06666666666667,99,1,14,55,-1.57201494149044,0.785972782045616,-0.710284989407174,1.54567450190307,-0.749766716599858,9,3,0,1
"97",102,3,6,3,4,6,5,5,5,5,5,4,6,4,5,5,5,5,4,4,2,2,2,3,6,4,5,2,4,4,4,2,2,2,2,5,7,3,4,3,1,0,1,1,0,0,0,0,0,1,0,0,0,0,0,0,0,1,0,0,0,1,1,1,0,0,1,0,0,0,0,0,1,0,1,0,0,1,0,0,0,3,2,3,2,2,2,3,2,4,4,3,4,3,2,1,0,2,2,2,1,1,1,1,2,0,2,1,2,0,1,0,2,2,3,"6",1,6.1,2,22438,1,0,0,0,0,0,0,0,0,0,0,0,0,0,0,0,0,0,4.73333333333333,69,1,11,37,-1.57201494149044,-0.523683663338839,-1.22252992758062,-0.491721180077207,1.38243699960487,4,3,1,2
"98",103,3,5,5,6,6,6,4,5,4,5,5,6,5,5,3,6,6,5,5,2,2,5,4,5,3,6,5,5,7,1,1,1,1,1,1,8,4,4,2,1,1,0,1,1,0,1,0,0,1,0,1,0,1,1,0,1,1,1,0,1,1,1,1,1,1,1,1,1,0,1,0,1,0,0,0,0,1,0,0,1,3,2,2,3,2,2,4,1,1,1,1,2,4,0,0,2,2,4,3,1,3,1,2,3,2,3,1,2,1,1,1,2,2,2,"1",1,4.2,2,22105,0,0,1,0,1,1,0,1,0,0,1,1,1,0,0,0,0,0,4.86666666666667,72,7,24,28,0.231613486677275,-0.392718018800394,0.997198137837658,-1.51041902106735,1.55301329690125,9,8,5,2
"99",104,4,3,4,2,5,1,2,2,2,2,2,1,1,2,2,6,7,7,7,7,5,6,7,7,7,6,6,7,7,7,3,5,5,6,6,6,2,1,7,2,1,0,0,0,1,1,0,0,1,0,1,0,1,0,1,1,1,1,0,1,1,1,1,0,1,1,1,0,0,1,0,1,1,0,0,1,1,1,0,1,5,4,4,5,5,5,5,4,2,5,3,4,5,3,1,0,2,4,2,2,3,1,2,3,1,1,0,1,3,2,2,2,2,3,"1",1,3.7,2,22441,1,0,0,0,1,0,0,1,0,0,1,0,0,0,0,1,0,1,2.33333333333333,124,6,24,56,-0.0689912513506776,1.87735315319933,0.997198137837658,1.65886315090197,-1.68793635172994,8,6,7,3
"100",105,5,3,4,3,5,2,5,3,4,4,4,5,2,2,5,5,3,4,3,5,2,5,5,5,5,5,3,3,4,4,2,4,4,4,4,7,3,3,3,1,0,0,1,0,0,1,0,1,1,0,1,0,0,1,0,1,1,0,0,0,0,1,1,0,1,1,1,1,0,0,0,1,1,1,1,0,1,0,1,0,4,3,1,4,2,3,4,1,1,3,3,3,3,2,0,0,2,4,3,2,3,2,0,3,1,3,3,3,1,2,2,2,2,2,"1",1,2.5,1,22375,1,0,0,0,1,1,0,1,1,0,1,0,1,1,1,0,0,1,3.73333333333333,79,10,20,35,1.13342770076113,-0.0871315148773541,0.314204886939725,-0.718098478075016,0.103114769882032,6,6,4,4
"101",106,3,2,2,4,2,5,3,3,1,3,2,4,2,4,3,6,7,7,7,5,5,6,6,6,5,6,6,5,6,5,5,6,5,4,5,7,3,1,7,1,1,0,1,1,1,0,0,0,1,1,1,0,1,0,0,1,1,1,1,1,1,1,1,1,1,0,0,1,0,1,0,1,1,1,1,1,1,0,1,0,4,4,4,4,4,4,5,4,3,4,4,3,4,2,1,2,4,1,1,4,4,2,1,4,1,1,1,3,2,2,2,2,2,5,"1",1,7,2,21967,1,0,1,1,0,0,1,1,1,0,1,0,0,0,1,1,0,1,2.86666666666667,113,10,27,51,1.13342770076113,1.3971457898917,1.50944307601111,1.09291990590745,-1.00563116254443,8,6,8,4
"102",107,5,6,5,2,3,4,3,3,4,4,2,6,2,5,5,6,5,2,3,4,2,1,5,6,5,5,5,5,3,3,1,2,5,1,5,7,4,4,3,1,0,0,0,0,0,0,0,0,0,0,0,0,0,0,1,0,0,0,0,0,1,1,1,0,0,0,0,1,0,0,0,0,1,1,0,0,1,0,0,0,4,2,4,5,3,2,5,2,2,3,3,2,4,0,0,1,2,4,1,1,3,2,0,2,0,4,1,0,1,0,1,2,2,3,"1",1,5,2,16207,0,0,0,0,1,0,0,1,1,0,0,0,1,0,0,0,0,0,3.93333333333333,74,4,8,41,-0.670200727406583,-0.305407589108097,-1.73477486575407,-0.0389665840815901,0.358979215826599,3,1,1,2
"103",108,5,6,5,5,6,4,5,5,5,4,4,6,4,4,6,4,5,3,2,3,2,2,3,5,2,5,2,2,3,2,2,1,1,1,1,7,5,5,1,1,1,0,0,0,0,0,0,0,1,0,1,0,1,0,0,1,0,0,0,0,0,1,0,0,1,0,0,0,0,1,0,1,1,0,0,1,1,0,0,0,3,2,3,3,2,2,3,4,2,4,3,4,3,0,0,0,3,2,2,2,2,1,0,3,0,1,0,1,1,0,0,2,2,1,"1",1,2.6,1,22195,0,0,0,1,0,0,0,0,0,0,1,0,0,0,0,0,0,0,4.93333333333333,51,2,12,38,-1.27141020346249,-1.30947753056951,-1.05178161485614,-0.378532531078303,1.63830144554944,2,2,7,0
"104",110,2,6,3,5,5,2,6,5,6,5,3,4,1,3,1,3,5,5,3,5,1,2,7,5,3,6,5,5,5,3,1,2,1,2,2,7,3,4,7,1,0,0,1,0,0,0,0,1,0,0,0,0,0,0,0,1,1,1,0,0,0,1,0,0,0,0,0,0,0,0,0,0,1,0,0,0,1,0,0,1,1,1,1,3,2,3,4,2,4,4,4,4,5,1,1,3,4,4,3,2,2,2,1,2,2,3,1,2,3,2,1,2,2,1,"1",1,2,2,22363,0,0,1,1,1,1,0,0,1,0,0,1,1,0,0,1,0,0,3.8,71,8,9,38,0.532218224705228,-0.436373233646542,-1.56402655302959,-0.378532531078303,0.188402918530221,4,2,1,1
"106",112,2,5,1,2,4,1,3,5,3,6,4,2,1,3,3,5,6,3,3,3,1,1,3,2,5,6,5,5,4,5,1,1,1,4,1,8,4,4,4,1,1,0,1,0,0,0,0,1,1,1,1,1,1,0,0,1,1,0,1,1,0,1,1,1,1,0,0,1,0,0,0,1,1,0,1,1,1,0,0,1,1,1,1,1,2,2,4,1,2,3,3,4,4,2,1,1,2,4,2,2,3,3,3,4,3,4,2,4,4,2,3,2,2,2,"1,2,3",1,5,2,22393,1,0,0,0,1,0,0,1,1,1,1,1,1,0,1,1,0,1,3,65,11,23,29,1.43403243878909,-0.698304522723433,0.826449825113175,-1.39723037206844,-0.835054865248048,8,4,8,2
"107",113,3,3,2,2,3,2,2,2,2,2,2,3,2,2,2,7,6,5,6,5,4,7,6,7,6,6,6,6,6,5,5,5,6,4,6,6,3,3,4,1,0,0,0,1,0,0,1,1,1,1,1,1,1,0,1,0,0,1,0,1,0,1,0,1,1,0,0,0,1,0,0,1,0,1,1,1,1,0,1,0,4,4,4,4,5,3,4,4,3,4,2,5,4,3,3,2,3,3,3,2,2,1,3,3,1,3,2,2,4,2,2,2,2,1,"1",1,5.7,2,21898,1,1,1,1,1,1,0,0,0,1,1,0,1,0,0,1,0,1,2.26666666666667,114,11,21,50,1.43403243878909,1.44080100473784,0.484953199664208,0.979731256908548,-1.77322450037813,2,5,7,6
"108",114,4,3,4,2,4,4,4,4,2,3,3,3,3,4,5,6,6,5,6,3,2,4,4,3,2,3,3,3,3,2,2,3,2,2,1,7,3,3,1,1,0,0,0,0,0,0,1,1,1,0,1,0,1,1,0,0,1,0,0,0,1,1,1,0,1,0,1,0,0,1,0,1,0,1,1,1,1,0,1,0,4,3,2,4,2,3,2,2,4,4,4,4,4,2,1,1,1,1,2,2,3,2,1,2,0,1,2,1,1,1,1,2,2,2,"1",1,4,2,17344,1,0,0,0,0,0,0,1,1,0,0,0,0,0,0,0,0,0,3.46666666666667,65,3,19,42,-0.970805465434535,-0.698304522723433,0.143456574215242,0.0742220649173141,-0.238037824710724,4,4,6,5
"109",115,4,5,4,2,5,1,2,4,3,3,4,5,2,3,3,5,6,4,5,5,3,5,3,5,5,6,6,6,5,6,3,2,2,4,5,6,3,2,3,1,0,0,1,1,0,1,0,0,0,0,1,1,0,0,0,1,1,0,0,0,0,1,1,0,0,0,1,0,0,0,0,0,0,0,0,1,1,0,0,0,4,3,2,4,4,3,4,2,2,3,3,5,4,2,1,1,2,4,3,2,3,1,2,3,1,3,3,2,3,2,2,2,2,2,"1",1,5,2,22027,1,0,0,0,1,1,0,1,0,0,1,0,1,1,0,1,0,1,3.33333333333333,91,9,12,43,0.83282296273318,0.436731063276428,-1.05178161485614,0.187410713916218,-0.408614122007102,5,4,2,1
"111",117,3,5,4,1,2,6,3,4,1,1,6,2,2,3,2,2,2,1,1,1,4,5,1,4,1,1,1,1,1,1,1,1,1,1,4,7,4,3,1,2,0,0,1,1,0,0,1,0,1,0,1,1,0,1,0,1,1,1,0,1,1,1,1,0,1,1,0,1,1,1,0,1,0,1,1,0,1,1,1,1,2,1,1,3,1,3,2,1,1,1,3,4,4,3,1,2,2,4,4,2,3,1,2,2,1,2,3,1,1,0,2,2,2,3,"1",1,5,1,21874,1,0,1,0,1,1,0,1,0,0,0,0,0,1,0,0,0,1,3,35,7,26,27,0.231613486677275,-2.00796096810789,1.33869476328662,-1.62360767006625,-0.835054865248048,10,6,6,3
"112",118,6,5,4,3,5,3,5,5,6,5,4,5,4,5,6,5,6,1,6,4,2,4,5,1,3,4,4,3,4,2,1,1,1,3,1,6,3,3,10,1,0,0,1,0,0,0,0,0,0,0,0,0,0,0,0,0,0,0,0,1,0,0,1,0,1,0,0,1,1,0,0,0,1,0,1,1,1,0,0,0,2,2,3,2,3,2,4,1,1,1,2,1,4,0,1,1,4,2,0,0,1,0,3,2,0,0,1,2,2,0,1,2,2,5,"1",1,9,2,13075,0,0,0,1,0,0,0,0,0,1,0,0,0,0,0,1,0,0,4.73333333333333,61,3,10,28,-0.970805465434535,-0.872925382108028,-1.39327824030511,-1.51041902106735,1.38243699960487,4,0,5,0
"113",119,4,2,4,6,2,2,2,5,2,6,6,2,6,6,2,2,7,1,7,7,7,6,2,6,6,6,6,6,6,6,6,2,2,6,2,8,4,5,5,1,1,0,0,1,0,0,0,0,1,0,1,1,0,1,0,1,1,1,0,0,1,1,1,0,1,1,0,0,0,1,0,1,0,1,0,0,0,1,0,1,4,4,4,4,4,4,4,2,4,4,4,4,4,4,1,1,1,4,1,3,3,3,3,1,3,1,3,3,3,1,1,2,2,3,"1",1,4,2,17932,1,0,0,0,1,0,1,1,1,1,0,1,0,1,1,1,0,0,3.8,99,10,19,50,1.13342770076113,0.785972782045616,0.143456574215242,0.979731256908548,0.188402918530221,7,6,5,1
"114",120,2,6,2,2,4,3,4,3,4,3,5,6,2,4,4,3,3,2,5,2,4,2,1,7,5,6,5,5,5,2,1,1,1,6,1,8,5,4,2,1,0,1,1,1,0,1,1,1,1,0,1,0,1,0,0,1,1,1,0,1,1,1,1,1,1,1,1,1,0,0,0,0,0,1,1,1,1,1,0,0,4,2,1,4,4,2,3,2,4,4,3,4,4,2,1,3,1,4,4,2,3,3,3,3,1,3,2,1,3,1,0,2,2,3,"1",1,2,2,20743,1,0,1,0,1,1,0,1,1,1,1,0,1,0,0,1,0,0,3.6,67,10,26,41,1.13342770076113,-0.610994093031136,1.33869476328662,-0.0389665840815901,-0.0674615274143462,9,7,4,6
"115",121,5,3,4,4,3,5,4,4,4,4,3,3,3,3,4,5,5,5,4,5,4,5,5,5,5,5,5,5,5,2,2,2,2,2,2,8,4,4,3,2,0,0,1,0,0,0,0,0,0,0,0,0,0,1,0,1,1,0,0,0,1,1,0,0,0,0,1,1,0,1,0,1,0,0,0,0,1,0,0,1,2,2,4,4,4,2,2,2,2,3,4,4,4,3,1,1,2,2,2,2,2,1,1,2,0,1,1,2,1,1,2,2,2,2,"1",1,5,2,22426,1,0,0,0,0,0,0,0,0,0,0,0,0,0,0,0,0,1,3.73333333333333,80,2,12,39,-1.27141020346249,-0.0434763000312056,-1.05178161485614,-0.265343882079399,0.103114769882032,6,3,2,1
"116",122,3,5,2,2,4,3,3,4,4,3,2,3,1,3,2,4,5,5,4,5,5,3,5,5,5,5,4,5,4,3,2,4,4,4,5,6,3,2,3,1,0,0,1,0,0,1,0,0,0,0,1,0,0,0,0,1,1,0,0,0,1,1,0,0,1,0,0,1,0,0,0,0,1,0,0,0,1,1,0,1,4,3,4,5,4,3,4,3,4,4,4,5,4,1,2,2,3,3,2,2,2,2,2,3,0,3,3,2,2,1,2,2,2,1,"1",1,4,2,20308,0,1,1,1,1,0,0,0,1,0,1,0,1,1,0,1,0,1,2.93333333333333,86,10,13,51,1.13342770076113,0.218454989045686,-0.881033302131657,1.09291990590745,-0.920343013896237,8,2,2,0
"117",123,3,5,3,2,5,6,3,4,4,4,2,4,1,3,5,6,5,2,5,7,5,7,7,6,6,6,6,6,6,6,2,2,3,1,6,7,2,3,5,1,0,0,0,0,0,1,0,0,0,0,1,0,0,0,1,0,1,1,0,0,0,1,0,0,0,1,1,0,0,0,0,0,1,0,0,0,1,0,0,0,4,4,4,4,5,4,4,4,3,4,3,3,4,2,1,1,3,3,3,1,4,1,1,2,1,3,4,2,1,2,2,2,2,2,"1",1,4,2,22399,1,0,0,1,1,1,0,1,0,0,0,0,1,1,0,0,0,1,3.6,100,8,10,50,0.532218224705228,0.829627996891765,-1.39327824030511,0.979731256908548,-0.0674615274143462,2,5,1,2
"119",125,3,3,2,1,4,1,3,3,2,3,3,2,2,2,3,6,6,6,6,6,1,7,7,7,7,7,7,7,7,5,5,6,6,7,6,6,2,3,4,1,0,0,1,0,0,1,0,0,1,1,1,1,1,0,0,1,1,0,0,1,1,1,1,0,1,1,0,1,0,1,0,1,0,0,1,1,1,1,0,0,5,5,5,5,5,5,5,5,5,5,5,5,5,2,1,1,4,4,2,3,3,3,3,3,3,3,3,3,4,3,3,2,2,2,"1,3",1,6.1,2,22174,1,0,0,1,1,0,1,1,1,1,1,1,1,1,1,1,1,1,2.46666666666667,122,15,22,65,2.6364513909009,1.79004272350703,0.655701512388691,2.67756099189211,-1.51736005443356,9,5,7,0
"120",126,3,5,4,5,2,6,4,4,3,4,3,4,2,4,3,2,3,2,2,2,2,2,4,4,6,6,5,5,5,3,2,2,2,6,2,8,3,2,3,1,0,0,0,0,0,1,0,0,1,0,1,1,0,1,0,1,1,1,0,0,0,1,0,0,1,1,0,0,0,0,0,1,1,0,0,0,1,1,0,1,1,1,2,1,2,3,4,1,3,3,3,4,3,1,1,0,2,2,2,2,2,1,1,2,0,2,1,1,1,0,0,2,2,4,"1,3",1,5,2,14401,0,0,0,0,0,0,0,0,0,0,0,0,0,0,0,0,0,0,3.73333333333333,67,0,16,31,-1.87261967951839,-0.610994093031136,-0.368788363958207,-1.17085307407063,0.103114769882032,5,6,4,0
"121",127,6,5,6,6,6,6,6,6,6,6,6,6,2,6,6,2,2,4,4,2,2,2,2,2,5,5,4,5,5,5,2,2,2,2,2,8,4,4,3,1,1,0,1,0,0,0,0,0,1,0,1,0,1,1,0,1,1,1,0,0,1,1,1,0,0,1,0,1,0,0,0,0,1,1,0,1,0,0,0,1,3,2,4,4,3,2,2,2,4,4,4,4,3,1,1,1,1,1,1,1,1,1,1,3,1,1,1,3,3,2,1,2,2,1,"1",1,1.6,1,22039,0,0,0,0,0,0,0,0,0,0,1,0,0,0,1,1,0,0,5.66666666666667,61,3,18,41,-0.970805465434535,-0.872925382108028,-0.0272917385092412,-0.0389665840815901,2.57647108067951,8,5,4,1
"122",128,3,5,4,2,3,2,3,3,3,3,3,3,2,4,3,5,5,4,5,5,6,6,4,5,6,6,5,6,6,6,3,3,3,3,3,8,4,3,6,1,0,0,0,0,0,1,1,0,1,0,0,0,1,0,0,1,1,0,0,0,0,1,0,0,0,1,1,0,1,0,0,1,1,1,1,1,1,0,1,1,4,4,3,3,4,4,4,3,3,4,4,2,4,1,1,2,2,3,2,2,3,1,1,2,1,3,2,2,1,1,2,2,2,3,"5",1,12,2,22456,0,0,1,0,1,0,0,1,0,0,0,0,1,0,0,0,0,1,3.06666666666667,95,5,18,46,-0.36959598937863,0.611351922661022,-0.0272917385092412,0.526976660912931,-0.749766716599858,3,5,6,4
"123",129,5,4,3,2,6,5,5,4,3,2,2,6,3,3,4,3,3,4,2,4,2,4,3,2,5,5,4,4,4,4,2,2,2,2,2,7,3,3,2,1,0,0,1,0,0,1,0,0,1,0,1,1,1,1,0,1,1,0,0,1,1,1,1,1,1,1,0,1,0,0,0,1,1,1,1,1,1,1,0,1,2,2,2,2,3,4,3,2,2,3,3,3,3,1,1,1,2,3,2,1,2,2,1,2,0,2,1,3,2,1,1,2,2,2,"1",1,5.8,2,20830,0,0,0,0,1,0,0,0,1,0,0,0,0,0,1,1,0,0,3.8,63,4,25,34,-0.670200727406583,-0.785614952415731,1.16794645056214,-0.83128712707392,0.188402918530221,10,5,7,2
"124",130,3,4,4,3,5,3,4,4,5,5,3,5,3,4,5,5,6,5,5,4,3,3,5,5,5,5,5,5,5,4,3,2,5,4,5,7,4,4,3,1,0,0,0,0,0,0,0,0,0,0,0,0,0,0,0,0,1,0,0,0,1,0,1,0,1,0,0,0,0,0,0,0,0,0,0,0,1,1,1,1,4,4,2,4,3,4,4,3,3,4,3,2,4,2,1,2,3,3,2,2,3,2,3,2,1,1,1,1,2,2,1,2,2,3,"1",1,4,2,22069,1,0,1,1,1,0,0,1,1,1,0,0,0,0,0,1,0,0,4,89,8,8,44,0.532218224705228,0.349420633584131,-1.73477486575407,0.300599362915123,0.444267364474788,5,0,1,1
"125",131,5,5,4,3,5,5,5,5,4,5,4,5,5,5,5,4,6,4,6,4,3,3,6,5,5,4,5,5,4,4,3,3,3,3,4,8,4,3,3,1,1,0,1,0,0,0,0,0,0,0,1,1,0,1,0,0,1,1,0,0,1,1,1,1,1,1,0,0,1,1,0,0,1,1,1,0,0,1,1,0,4,3,4,3,3,3,4,2,2,3,3,3,2,1,1,2,1,1,2,2,2,1,1,2,1,1,0,1,1,1,0,2,2,2,"1",1,7,2,22372,0,0,1,0,0,0,0,0,0,0,0,0,0,0,0,0,0,0,4.66666666666667,84,1,20,39,-1.57201494149044,0.131144559353389,0.314204886939725,-0.265343882079399,1.29714885095668,6,4,7,3
"126",132,5,3,3,2,5,1,3,5,3,5,5,5,1,2,2,6,4,7,5,3,5,6,6,5,6,6,5,6,5,5,3,5,3,7,5,7,3,2,6,1,0,1,1,1,0,0,0,0,1,0,0,0,0,1,1,1,1,1,0,0,1,1,0,0,0,0,0,0,0,0,0,0,1,0,0,0,1,1,0,1,4,4,4,5,3,3,4,4,3,4,3,4,4,1,1,1,3,3,2,1,3,2,2,4,0,3,3,2,1,1,1,2,2,3,"1",1,4.5,2,18418,0,0,0,1,1,0,0,1,1,0,1,0,1,1,0,0,0,0,3.33333333333333,103,7,15,49,0.231613486677275,0.960593641430211,-0.539536676682691,0.866542607909644,-0.408614122007102,6,5,1,2
"127",133,5,5,6,3,5,3,5,3,4,5,2,6,3,3,6,7,7,6,7,6,3,6,7,6,7,7,7,5,7,7,1,2,3,6,5,7,4,2,3,1,0,0,0,0,0,1,1,1,1,0,1,0,1,1,0,1,1,0,0,1,0,1,1,0,1,0,0,1,0,0,0,0,1,0,1,0,1,0,1,0,4,5,5,5,3,4,5,5,5,5,4,4,5,2,1,0,3,2,2,1,3,3,4,4,0,2,1,1,3,1,1,2,2,4,"1",1,1,2,22378,1,0,0,1,0,0,0,1,1,1,1,0,0,0,0,1,0,0,4.26666666666667,112,7,18,59,0.231613486677275,1.35349057504555,-0.0272917385092412,1.99842909789869,0.785419959067544,6,4,4,3
"129",135,3,2,3,1,2,5,3,2,2,1,2,3,3,2,1,5,6,4,7,6,7,7,7,7,7,7,7,7,7,7,7,7,7,7,7,6,3,1,4,1,1,1,0,0,0,0,0,0,1,1,1,1,1,1,0,0,1,1,0,0,1,1,0,1,1,1,1,1,1,1,0,1,1,0,1,1,1,0,0,0,5,5,5,5,5,5,5,5,5,5,5,5,5,0,0,4,3,4,4,2,4,4,2,4,2,4,1,4,0,4,0,2,2,2,"1",1,7.1,1,21997,0,0,1,1,1,1,0,1,1,0,1,1,1,0,1,0,1,0,2.33333333333333,133,11,24,65,1.43403243878909,2.27025008681467,0.997198137837658,2.67756099189211,-1.68793635172994,4,7,10,3
"130",136,2,5,2,1,4,4,1,2,1,1,1,1,1,1,1,6,7,5,5,7,4,5,7,5,6,7,5,5,3,3,1,2,2,2,1,6,3,2,5,1,0,0,0,0,0,1,0,0,0,0,0,1,0,1,1,0,1,0,1,0,1,1,0,0,1,1,0,0,0,0,0,0,1,1,1,1,1,1,0,0,4,2,2,4,3,2,4,5,4,3,3,2,4,3,2,3,4,4,4,2,3,3,2,1,1,2,4,4,3,2,2,2,2,2,"1",1,6.6,1,22165,1,1,1,1,1,1,0,1,1,0,0,0,0,1,1,1,0,1,1.86666666666667,88,12,16,42,1.73463717681704,0.305765418737983,-0.368788363958207,0.0742220649173141,-2.28495339226726,3,5,5,2
"131",137,5,4,3,1,3,5,5,3,5,4,3,5,2,2,4,6,4,6,6,5,5,6,7,7,6,6,6,6,6,1,4,3,5,7,7,7,3,2,4,1,1,0,0,1,1,1,0,0,1,0,1,0,1,1,0,1,1,0,0,0,1,1,0,1,1,0,1,1,0,1,0,1,1,0,0,0,1,1,0,0,5,5,2,4,4,4,4,3,5,4,3,4,4,3,2,1,3,3,3,2,3,3,2,1,0,2,2,1,2,1,0,2,2,1,"4",1,2,2,22459,1,1,0,1,1,1,0,1,1,0,0,0,0,0,0,1,0,0,3.6,109,8,21,51,0.532218224705228,1.2225249305071,0.484953199664208,1.09291990590745,-0.0674615274143462,6,6,6,3
"132",138,5,5,5,3,5,5,3,3,4,4,5,5,2,4,2,3,5,5,5,3,2,6,2,5,6,6,2,3,3,2,2,3,5,5,1,7,2,3,7,1,0,0,1,1,0,0,0,0,1,0,1,1,1,1,0,1,1,1,0,0,0,1,0,0,1,1,0,1,0,1,0,1,0,0,1,1,1,0,0,1,4,4,1,2,3,3,4,2,2,4,3,4,4,2,1,1,3,3,2,2,3,1,1,2,0,2,1,0,1,1,1,2,2,3,"1",1,3,2,17092,1,0,0,1,1,0,0,1,0,0,0,0,0,0,0,0,0,0,4,74,4,20,40,-0.670200727406583,-0.305407589108097,0.314204886939725,-0.152155233080494,0.444267364474788,6,6,7,0
"133",139,4,2,1,4,1,1,2,3,1,4,2,1,4,3,2,5,7,3,5,5,2,2,5,4,2,5,3,2,6,1,2,2,7,3,6,8,3,4,4,1,0,0,0,0,0,1,0,0,1,0,1,0,1,0,0,0,1,1,0,0,1,1,0,1,1,1,0,0,0,1,0,1,1,0,0,1,1,0,0,0,3,1,2,5,3,2,5,4,2,3,4,3,5,4,3,4,4,3,2,4,4,3,4,4,1,2,3,1,0,3,2,2,2,4,"1",1,7.1,2,21961,1,1,1,1,1,0,1,1,1,1,1,0,0,1,0,0,1,1,2.33333333333333,77,13,16,42,2.03524191484499,-0.174441944569651,-0.368788363958207,0.0742220649173141,-1.68793635172994,3,5,6,1
"134",140,3,3,3,2,3,1,4,3,4,4,2,3,3,3,6,3,4,5,4,2,1,3,2,5,4,5,5,4,5,3,2,2,2,5,4,8,3,4,3,1,0,0,1,0,0,1,0,0,1,0,1,0,1,1,0,1,1,0,0,1,0,1,1,0,1,0,0,1,0,0,0,0,1,1,0,0,1,0,0,0,4,3,2,3,3,4,4,4,3,4,4,4,4,3,1,0,2,4,3,1,2,2,1,3,1,3,2,4,4,2,2,2,2,2,"1",1,5.4,2,NA,1,0,0,0,1,1,0,0,1,0,1,0,1,0,1,1,0,1,3.13333333333333,70,9,16,46,0.83282296273318,-0.480028448492691,-0.368788363958207,0.526976660912931,-0.66447856795167,7,4,3,1
"135",141,4,2,4,2,2,3,2,3,3,3,2,6,3,3,3,5,6,5,6,5,3,3,7,2,1,6,3,3,2,1,1,4,4,1,5,6,2,3,5,1,0,0,0,0,0,0,1,0,1,0,1,1,1,1,0,1,1,0,0,0,0,1,1,0,1,1,0,1,0,1,0,1,1,1,1,1,1,0,0,1,4,4,2,3,2,2,4,1,2,4,3,4,3,2,3,3,4,1,2,2,3,0,3,2,1,2,3,2,2,1,1,2,2,2,"1",1,4,2,NA,1,1,1,1,0,0,0,1,0,1,0,0,0,1,0,1,0,0,3,73,8,21,38,0.532218224705228,-0.349062803954245,0.484953199664208,-0.378532531078303,-0.835054865248048,6,4,8,2
"136",142,4,5,4,4,3,3,4,5,6,5,3,6,2,5,4,7,7,6,7,5,2,6,5,7,7,7,5,7,5,6,2,6,1,6,3,7,5,5,1,1,0,0,0,1,0,0,0,1,0,0,0,0,0,0,0,0,1,0,0,0,0,1,0,0,1,1,0,0,0,0,0,1,0,1,1,0,1,0,0,0,5,5,5,5,4,4,5,3,2,3,4,2,5,1,1,1,3,4,0,2,2,2,1,4,0,3,1,1,1,1,1,2,2,3,"1",1,3.6,1,NA,0,0,0,1,1,0,0,0,1,0,1,0,1,0,0,0,0,0,4.2,107,5,10,52,-0.36959598937863,1.1352145008148,-1.39327824030511,1.20610855490636,0.700131810419355,1,3,3,2
"137",143,4,3,3,2,5,3,3,3,3,5,1,5,2,2,5,7,7,7,7,6,5,5,5,7,7,7,7,7,7,7,2,2,3,2,4,8,4,4,7,1,1,0,0,0,0,0,0,0,1,0,1,0,0,0,0,0,0,1,0,0,0,1,0,1,1,0,0,1,0,0,0,1,0,0,1,1,0,1,1,1,4,4,4,4,5,4,4,2,3,5,5,4,4,4,1,2,4,4,4,3,4,1,2,3,0,2,4,1,3,3,1,2,2,4,"1",1,6.6,1,NA,1,0,1,1,1,1,1,1,0,0,1,0,0,1,0,1,1,0,3.26666666666667,111,11,14,52,1.43403243878909,1.3098353601994,-0.710284989407174,1.20610855490636,-0.493902270655292,4,3,5,2
"138",144,4,6,4,5,3,3,4,5,4,5,5,5,3,5,5,6,7,4,7,4,2,2,5,4,4,5,5,5,6,4,1,1,1,2,3,6,4,3,2,1,1,0,1,0,0,1,0,0,0,0,1,1,0,1,0,1,1,0,0,1,1,1,1,1,1,0,1,0,0,1,0,1,0,1,1,0,1,0,0,0,4,5,5,4,2,2,3,2,4,4,4,1,2,0,0,0,1,2,1,1,3,1,1,2,0,1,2,2,2,3,2,2,2,1,"1",1,4.5,2,NA,0,0,0,0,0,0,0,1,0,0,0,0,0,0,0,1,1,1,4.4,78,4,20,42,-0.670200727406583,-0.130786729723503,0.314204886939725,0.0742220649173141,0.955996256363923,7,4,6,3
"139",145,5,6,5,6,4,4,4,5,5,5,6,3,4,5,6,3,4,2,3,5,2,2,5,5,5,5,5,5,5,5,3,3,3,5,2,6,4,3,5,1,0,0,0,1,0,1,0,1,1,0,0,0,1,1,0,0,0,1,1,0,0,1,0,0,1,0,0,0,0,0,0,1,0,1,1,1,1,1,0,0,4,2,3,4,2,2,2,3,2,3,3,2,2,2,1,2,2,1,1,1,1,1,2,2,1,1,1,2,1,1,1,2,2,31,"1",1,2,2,19006,1,0,1,0,0,0,0,0,0,0,0,0,0,0,0,0,0,0,4.86666666666667,77,2,16,34,-1.27141020346249,-0.174441944569651,-0.368788363958207,-0.83128712707392,1.55301329690125,1,7,5,2
"140",147,5,6,4,2,4,1,5,6,4,4,2,6,6,5,6,5,7,3,7,4,2,4,5,3,4,3,2,2,2,2,4,5,1,2,5,7,4,5,6,1,0,0,0,0,0,0,0,0,0,0,1,0,0,1,0,1,1,0,0,1,0,1,1,0,0,0,0,0,0,1,0,0,0,1,1,0,0,1,0,1,4,2,2,5,1,2,5,1,3,5,4,3,5,2,1,1,3,2,0,2,3,2,1,3,0,1,1,3,2,1,2,2,2,3,"5",1,6.9,2,20305,1,0,0,1,0,0,0,1,1,0,1,0,0,0,1,1,0,1,4.4,72,8,12,42,0.532218224705228,-0.392718018800394,-1.05178161485614,0.0742220649173141,0.955996256363923,7,2,2,1
"141",148,5,6,4,3,5,4,4,3,4,4,3,4,4,4,5,1,2,1,2,1,1,2,1,2,2,1,1,1,1,1,1,1,1,1,1,7,3,2,1,2,1,0,1,1,0,1,0,0,1,0,1,0,0,1,0,0,1,1,0,0,1,1,0,0,1,0,1,0,0,1,1,1,0,1,0,0,1,1,0,0,1,1,1,1,1,1,2,1,3,3,3,3,3,3,2,1,4,3,2,2,4,1,0,2,0,1,1,2,1,0,1,2,2,4,"1",1,3,2,18001,1,1,0,1,1,0,0,1,0,0,0,0,0,0,0,0,0,0,4.13333333333333,25,5,19,24,-0.36959598937863,-2.44451311656937,0.143456574215242,-1.96317361706296,0.614843661771167,5,7,4,3
"142",149,4,6,6,5,6,5,6,5,5,6,6,6,4,6,6,2,6,4,6,1,1,3,2,6,4,4,5,6,3,5,1,2,2,3,1,8,4,4,7,1,0,0,1,0,0,1,1,0,1,0,1,0,1,0,0,0,1,1,0,1,1,1,1,0,1,1,0,0,0,0,0,1,0,0,1,0,1,1,1,0,3,3,3,4,1,2,3,1,2,3,3,3,2,1,1,0,4,2,1,1,2,1,1,2,0,1,2,0,0,0,1,2,2,4,"1",1,3.3,2,NA,0,0,0,1,0,0,0,0,0,0,0,0,0,0,0,0,0,0,5.46666666666667,67,1,19,33,-1.57201494149044,-0.610994093031136,0.143456574215242,-0.944475776072824,2.32060663473495,7,5,4,2
"143",150,3,5,3,3,6,2,4,4,4,3,2,2,3,2,4,5,6,3,5,6,6,4,6,5,4,4,5,4,5,4,1,1,3,3,5,8,4,5,2,1,0,0,1,0,0,1,0,0,1,0,1,1,0,0,0,1,1,1,0,0,0,1,1,0,1,0,1,0,0,0,0,1,0,0,1,1,1,1,1,1,2,3,2,4,4,4,4,3,3,4,4,2,3,0,1,0,0,2,2,2,2,2,2,3,1,2,1,2,2,1,2,2,2,3,"1",1,3,1,22465,0,0,0,0,0,0,0,0,1,0,1,0,0,0,0,1,0,1,3.33333333333333,85,4,19,42,-0.670200727406583,0.174799774199537,0.143456574215242,0.0742220649173141,-0.408614122007102,7,5,5,2
"144",151,4,5,2,2,6,1,2,4,3,5,1,1,1,4,6,4,3,6,4,1,1,1,5,5,2,2,5,3,2,2,1,1,1,1,1,5,2,3,4,1,0,0,1,1,1,1,0,0,1,0,0,1,0,1,0,0,1,1,1,1,1,1,1,0,1,0,1,1,0,0,0,1,1,1,0,0,1,1,0,1,2,1,1,1,2,1,1,1,1,4,3,4,4,1,1,0,1,4,3,2,2,1,0,2,0,2,3,2,2,0,1,2,2,1,"1",1,3.1,2,22468,0,0,0,0,1,1,0,0,0,0,0,0,0,1,0,1,0,0,3.13333333333333,51,4,23,26,-0.670200727406583,-1.30947753056951,0.826449825113175,-1.73679631906515,-0.66447856795167,8,8,4,3
"145",152,5,4,3,3,3,2,4,4,5,5,3,4,5,4,2,5,6,3,6,2,3,3,6,5,2,3,2,3,3,3,2,1,1,3,3,7,4,4,2,1,0,0,0,0,0,1,0,0,0,0,0,0,0,1,0,1,0,1,0,0,0,1,0,0,0,0,0,0,0,0,0,1,0,1,0,0,1,1,0,1,4,3,2,2,2,2,4,2,4,3,3,2,4,2,0,1,3,3,2,2,3,2,1,2,1,2,1,1,2,2,2,2,2,5,"1",1,3,2,NA,1,0,0,1,1,0,0,1,1,0,0,0,0,0,0,1,0,1,3.73333333333333,65,7,10,37,0.231613486677275,-0.698304522723433,-1.39327824030511,-0.491721180077207,0.103114769882032,3,4,1,1
"148",155,1,1,2,1,2,3,3,2,3,2,2,4,1,2,6,5,7,7,7,6,4,5,5,7,6,6,6,7,7,5,4,5,5,4,6,7,4,2,7,1,0,0,1,0,0,1,0,1,1,1,1,0,1,0,1,1,1,0,0,1,1,0,1,1,1,0,0,1,0,1,1,1,1,1,1,1,0,1,0,1,5,5,4,5,5,3,4,3,5,4,5,4,5,3,3,0,2,4,4,2,3,2,3,3,2,4,2,1,1,0,2,2,2,2,"1",1,6.1,1,NA,1,1,0,0,1,1,0,1,1,1,1,1,1,0,0,0,0,1,2.33333333333333,114,11,25,57,1.43403243878909,1.44080100473784,1.16794645056214,1.77205179990088,-1.68793635172994,10,3,7,5
"150",157,4,5,5,4,5,1,4,5,3,4,5,5,3,5,6,4,5,2,5,1,1,4,6,4,4,6,4,5,5,3,1,1,2,1,5,7,2,3,2,1,0,0,1,1,0,0,0,1,1,1,0,1,0,0,0,0,1,0,0,0,1,1,1,0,1,1,0,1,0,0,0,1,1,0,1,0,1,0,0,1,2,2,2,2,3,4,4,3,2,4,3,4,4,2,1,1,3,1,0,1,2,0,1,1,0,1,2,0,0,0,0,2,2,2,"1",1,5.6,2,22471,1,0,0,1,0,0,0,0,0,0,0,0,0,0,0,0,0,0,4.26666666666667,69,2,18,39,-1.27141020346249,-0.523683663338839,-0.0272917385092412,-0.265343882079399,0.785419959067544,6,5,5,1
"151",158,3,4,4,4,5,2,5,5,5,4,4,6,2,5,4,3,5,3,5,2,2,5,2,6,5,3,4,5,2,4,2,2,2,2,5,7,3,4,3,1,1,1,1,1,0,1,0,0,1,1,0,0,1,1,0,1,0,1,0,0,0,1,1,1,1,1,0,0,0,1,0,0,0,0,0,0,1,0,0,1,4,2,1,4,4,2,4,2,2,4,3,2,3,1,3,2,3,4,1,2,3,2,2,2,0,2,2,1,2,1,1,2,2,5,"1",1,3.3,2,NA,0,1,1,1,1,0,0,1,1,0,0,0,0,0,0,1,0,0,4.13333333333333,69,7,19,37,0.231613486677275,-0.523683663338839,0.143456574215242,-0.491721180077207,0.614843661771167,4,8,4,2
"152",159,5,5,3,4,5,1,4,3,3,4,2,3,2,3,2,5,5,2,4,5,3,3,5,5,5,5,5,4,5,4,3,3,3,2,3,9,4,5,2,1,1,0,1,0,0,0,1,0,1,0,1,0,1,0,0,1,1,1,0,1,1,1,1,1,1,1,0,1,1,0,0,0,1,1,1,1,1,1,0,1,4,3,2,3,2,2,4,2,4,4,4,4,4,1,1,2,3,3,2,2,2,2,1,2,0,2,0,1,1,0,1,2,2,4,"1",1,4.5,2,NA,0,0,1,1,1,0,0,0,1,0,0,0,0,0,0,0,0,0,3.26666666666667,79,4,25,42,-0.670200727406583,-0.0871315148773541,1.16794645056214,0.0742220649173141,-0.493902270655292,10,4,7,3
"154",161,3,5,5,4,5,6,5,5,3,4,3,5,5,4,6,1,2,2,2,2,2,2,2,2,2,2,2,2,2,2,2,2,2,2,2,7,4,4,4,1,1,0,1,0,0,1,1,1,0,0,1,0,1,1,1,1,1,0,0,1,0,0,1,0,1,0,1,1,0,1,0,1,0,1,0,1,0,0,0,1,2,1,2,2,2,2,2,2,2,2,2,2,3,0,0,0,1,4,3,1,1,0,1,0,1,4,4,2,1,1,1,2,2,2,"1",1,4.1,2,21982,0,0,0,0,1,1,0,0,0,0,0,0,1,1,0,0,0,0,4.53333333333333,39,4,21,26,-0.670200727406583,-1.8333401087233,0.484953199664208,-1.73679631906515,1.1265725536603,8,3,6,5
"157",164,5,4,5,4,5,5,4,5,4,4,3,3,3,4,6,3,3,1,3,2,5,2,5,3,2,2,2,2,2,2,2,2,2,4,2,7,3,5,4,1,0,0,1,0,0,1,0,1,0,0,1,0,0,1,0,0,0,0,0,0,0,1,0,0,1,1,1,0,0,0,0,1,0,0,1,0,0,0,0,0,1,2,1,1,1,2,1,1,2,4,3,2,3,1,0,1,1,1,1,1,2,1,1,1,1,2,1,2,1,1,1,2,2,3,"1",1,3.9,2,NA,0,0,0,0,0,0,0,0,0,0,0,0,0,0,0,0,0,0,4.26666666666667,51,0,11,24,-1.87261967951839,-1.30947753056951,-1.22252992758062,-1.96317361706296,0.785419959067544,2,5,3,2
"158",165,3,4,4,4,4,5,5,5,4,5,2,5,3,3,5,4,5,2,5,3,2,3,4,5,4,5,3,4,4,3,3,2,2,2,2,7,3,4,3,1,0,1,0,0,0,1,1,1,1,1,1,1,1,1,0,0,1,1,0,0,0,1,1,0,1,1,1,1,0,1,0,1,1,0,1,1,1,1,0,0,4,3,2,3,2,2,2,3,3,4,3,2,4,1,2,1,2,2,1,2,3,2,3,2,1,2,1,1,1,2,1,2,2,3,"1",1,4,2,16894,0,1,0,0,0,0,0,1,1,1,0,0,0,0,0,0,0,0,4.06666666666667,67,4,25,37,-0.670200727406583,-0.610994093031136,1.16794645056214,-0.491721180077207,0.529555513122977,5,8,8,4
"160",167,5,3,5,2,2,5,4,3,2,3,3,6,3,3,3,3,4,3,5,1,1,1,1,5,5,5,1,5,5,3,1,1,1,1,1,9,3,4,2,1,0,1,1,1,0,1,0,1,0,0,0,0,0,1,1,1,1,1,0,1,1,0,0,0,1,0,0,1,0,0,0,0,0,0,0,0,0,1,0,1,1,1,1,2,1,4,4,4,2,4,3,3,4,1,1,1,2,0,0,1,2,2,3,3,1,1,3,1,2,1,2,2,2,3,"1",1,3.6,2,NA,0,0,0,0,0,0,0,0,1,1,1,0,0,1,0,1,0,1,3.46666666666667,53,6,16,34,-0.0689912513506776,-1.22216710087722,-0.368788363958207,-0.83128712707392,-0.238037824710724,8,4,1,3
"161",168,5,5,3,3,4,5,4,4,4,4,3,5,3,4,5,4,5,4,5,5,1,5,6,5,6,6,6,6,6,6,2,2,2,2,4,8,4,4,2,1,0,0,0,0,0,0,0,0,0,0,0,0,0,1,0,1,1,1,0,0,0,1,0,0,0,0,0,1,0,0,0,1,0,0,1,0,1,1,0,0,3,2,3,2,3,3,4,2,2,4,3,4,4,2,1,2,1,3,2,1,2,2,2,3,1,3,1,2,2,1,1,2,2,2,"1",1,2,1,20728,1,0,1,0,1,0,0,0,1,0,1,0,1,0,0,1,0,0,4.06666666666667,88,7,10,39,0.231613486677275,0.305765418737983,-1.39327824030511,-0.265343882079399,0.529555513122977,4,3,2,0
"163",170,4,5,3,4,5,2,4,4,4,2,3,3,2,2,2,5,7,5,7,5,4,5,7,7,7,7,6,7,6,7,6,7,7,6,5,6,5,2,1,1,0,0,0,1,0,0,0,0,0,1,0,0,0,0,0,0,0,0,1,1,1,1,1,0,1,1,0,0,0,0,0,1,1,1,1,0,1,0,0,1,5,4,5,5,4,4,5,4,4,5,5,5,5,1,1,2,3,4,4,1,4,2,2,3,1,3,0,3,1,0,1,2,2,3,"1",1,4.7,2,19162,0,0,1,1,1,1,0,1,1,0,1,0,1,0,1,0,0,0,3.26666666666667,123,9,15,60,0.83282296273318,1.83369793835318,-0.539536676682691,2.11161774689759,-0.493902270655292,4,5,4,1
"165",172,6,6,5,3,6,3,5,4,5,6,5,6,3,5,6,2,4,2,1,2,1,1,2,5,3,2,2,2,2,1,1,1,1,1,1,9,4,5,5,1,0,0,1,1,0,1,1,1,1,0,1,1,1,1,0,1,1,1,0,1,1,1,1,1,1,0,1,1,1,1,0,1,0,1,1,1,0,1,0,1,2,2,1,2,1,1,1,2,2,4,4,4,5,2,1,1,2,1,0,2,2,1,1,2,0,0,1,2,1,2,2,2,2,5,"1",1,1.5,2,NA,1,0,0,0,0,0,0,0,0,0,0,0,0,0,0,0,0,1,4.93333333333333,37,2,29,31,-1.27141020346249,-1.92065053841559,1.85093970146007,-1.17085307407063,1.63830144554944,10,7,8,5
"166",173,5,2,2,2,5,1,2,3,2,2,1,1,2,1,3,6,7,5,7,5,5,3,6,6,6,7,6,6,7,5,2,3,2,3,2,7,2,2,5,1,0,0,1,1,1,1,0,0,1,0,1,0,1,1,0,1,1,1,0,1,1,1,0,0,1,0,1,0,0,0,0,1,1,0,1,1,1,0,0,0,5,4,4,4,4,4,2,4,4,4,4,4,4,1,3,1,4,3,2,3,4,3,1,4,0,2,2,3,3,3,1,2,2,3,"1",1,5.5,2,NA,0,1,0,1,1,0,1,1,1,0,1,0,0,0,1,1,1,0,2.26666666666667,99,10,21,51,1.13342770076113,0.785972782045616,0.484953199664208,1.09291990590745,-1.77322450037813,6,7,6,2
"167",174,3,4,3,2,2,4,4,2,3,2,1,4,1,3,4,5,5,5,6,3,2,2,5,5,3,5,5,5,5,2,2,3,3,2,3,8,3,4,4,1,0,0,1,0,0,0,0,0,0,0,1,1,0,0,0,0,0,0,0,0,0,1,1,0,1,0,0,0,0,1,0,0,1,1,1,0,1,0,1,0,4,4,4,4,4,4,4,2,4,4,2,2,4,3,1,1,3,4,1,2,3,2,3,3,1,4,1,1,1,1,1,2,2,2,"1",1,5,2,20119,1,0,0,1,1,0,0,1,1,1,1,0,1,0,0,0,0,0,2.8,76,8,12,46,0.532218224705228,-0.2180971594158,-1.05178161485614,0.526976660912931,-1.09091931119262,3,1,5,2
"169",178,5,4,5,4,3,3,6,6,5,3,4,5,2,4,5,5,3,3,5,1,1,2,5,6,6,6,6,6,6,7,2,3,2,1,6,7,4,3,2,1,0,0,0,0,0,0,0,0,0,0,0,0,0,0,1,0,0,0,0,0,0,1,0,0,0,0,0,0,0,0,0,0,0,1,1,0,0,0,0,0,3,2,2,4,4,2,2,3,4,2,3,4,4,1,1,1,2,3,0,2,3,1,4,2,0,3,0,1,3,1,2,2,2,2,"1",1,4.5,2,22489,0,0,0,0,1,0,0,1,0,1,0,0,1,0,0,1,0,1,4.26666666666667,82,6,4,39,-0.0689912513506776,0.0438341296610915,-2.41776811665201,-0.265343882079399,0.785419959067544,0,1,1,2
"170",179,6,6,3,2,6,3,6,4,2,2,2,5,3,3,6,5,6,6,4,6,6,6,4,6,6,6,6,6,6,6,5,6,5,6,6,8,3,3,2,1,1,0,0,1,0,0,0,1,1,0,0,0,0,1,0,1,1,1,0,0,0,1,1,0,1,0,0,0,0,1,0,0,1,1,1,0,1,0,0,0,4,4,4,4,4,4,5,2,2,3,4,5,5,2,1,0,2,2,1,1,2,0,0,4,1,2,1,1,2,1,0,2,2,2,"1",1,5.1,1,22492,1,0,0,0,0,0,0,0,0,0,1,0,0,0,0,1,0,0,3.93333333333333,113,3,16,50,-0.970805465434535,1.3971457898917,-0.368788363958207,0.979731256908548,0.358979215826599,3,5,5,2
"173",182,4,3,2,4,5,5,3,4,3,4,2,1,3,2,2,6,5,3,4,5,2,5,6,6,5,6,4,6,6,6,3,2,2,2,6,6,4,4,3,2,0,0,0,0,0,0,0,0,0,0,1,0,0,0,0,1,1,1,0,0,0,1,0,0,1,0,0,0,0,0,0,0,0,0,0,0,1,1,0,0,4,3,4,4,3,2,4,2,2,4,3,4,2,1,2,2,3,3,3,1,3,3,3,4,1,3,2,2,1,1,1,2,2,2,"1",1,4,1,NA,0,1,1,1,1,1,0,1,1,1,1,0,1,0,0,0,0,0,3.13333333333333,90,10,8,41,1.13342770076113,0.39307584843028,-1.73477486575407,-0.0389665840815901,-0.66447856795167,4,2,1,0
"174",183,2,3,3,1,1,2,1,2,1,1,1,1,1,2,4,5,6,4,6,4,4,5,6,5,4,6,3,3,6,2,2,2,2,5,3,6,2,2,7,1,0,0,1,1,0,1,0,1,1,0,1,0,0,0,0,1,1,1,0,1,1,1,1,0,1,0,1,1,0,0,0,1,1,0,1,0,1,1,0,1,2,4,1,4,3,2,4,2,4,4,3,3,5,1,0,2,1,4,3,2,1,3,2,1,0,3,4,1,2,1,1,2,2,4,"1",1,3.9,1,22498,0,0,1,0,1,1,0,0,1,0,0,0,1,1,0,1,0,0,1.73333333333333,83,7,22,41,0.231613486677275,0.08748934450724,0.655701512388691,-0.0389665840815901,-2.45552968956364,10,6,4,2
"175",184,2,2,2,1,6,4,3,3,3,3,3,2,2,2,2,5,5,2,6,7,7,6,6,6,7,7,7,7,7,4,1,3,3,3,1,7,4,2,3,1,0,0,1,0,0,0,0,1,1,0,1,1,1,1,1,0,0,1,0,0,0,1,1,1,1,1,0,1,0,0,0,1,1,1,1,0,1,0,1,0,4,4,5,5,4,4,4,4,4,4,3,1,2,1,0,0,4,4,3,3,4,2,1,2,1,2,3,4,4,3,3,2,2,2,"1",1,3.2,1,18382,0,0,0,1,1,1,1,1,1,0,0,0,0,1,1,1,1,1,2.66666666666667,100,11,21,48,1.43403243878909,0.829627996891765,0.484953199664208,0.75335395891074,-1.26149560848899,4,5,6,5
"176",185,2,6,3,2,1,1,2,2,2,2,2,3,2,3,6,7,7,7,7,6,7,5,4,6,7,7,5,5,6,7,3,5,3,3,7,6,3,2,3,1,0,0,0,1,0,0,0,1,1,0,1,0,1,0,0,0,0,0,0,0,0,1,0,0,1,1,1,1,0,0,0,1,0,0,1,0,1,0,0,0,4,2,2,4,2,2,4,1,1,3,4,4,4,0,1,0,3,4,3,1,3,2,3,1,0,3,3,0,2,0,3,2,2,2,"1",1,4.9,1,NA,0,0,0,1,1,1,0,1,1,1,0,0,1,1,0,1,0,1,2.6,114,10,13,37,1.13342770076113,1.44080100473784,-0.881033302131657,-0.491721180077207,-1.34678375713718,2,5,4,2
"177",186,3,5,4,3,3,3,4,3,2,4,2,5,2,3,3,6,5,4,5,4,5,5,4,5,5,5,5,5,5,4,3,4,4,2,5,8,4,3,2,1,0,0,1,0,0,0,0,0,0,0,1,0,0,1,0,0,1,0,0,1,1,1,0,0,1,0,0,1,0,0,0,1,0,1,1,0,0,0,1,0,4,3,3,4,3,2,4,3,4,4,4,3,4,2,1,2,3,2,3,2,2,1,1,2,1,2,2,3,2,2,1,2,2,1,"1",1,4.9,1,22282,1,0,1,1,0,1,0,0,0,0,0,0,0,0,1,1,0,0,3.26666666666667,90,6,13,45,-0.0689912513506776,0.39307584843028,-0.881033302131657,0.413788011914027,-0.493902270655292,6,2,3,2
"178",187,3,4,3,2,5,1,2,3,3,3,2,4,1,2,4,4,5,3,5,5,4,4,5,4,4,4,4,4,5,4,1,2,1,3,1,9,2,2,7,1,0,0,1,1,0,1,0,0,1,0,1,0,1,1,0,0,1,1,0,0,0,1,1,0,1,1,0,1,0,0,0,1,0,0,0,0,1,1,0,1,3,1,2,2,1,1,2,1,2,2,2,2,3,0,0,1,2,4,2,2,2,1,1,2,1,4,4,2,2,0,2,2,2,4,"5",1,5.9,2,12343,0,0,0,0,1,0,0,0,0,0,0,0,1,1,0,1,0,1,2.8,72,5,18,24,-0.36959598937863,-0.392718018800394,-0.0272917385092412,-1.96317361706296,-1.09091931119262,7,7,3,0
"179",188,2,5,3,3,5,5,4,3,4,4,3,3,1,4,6,2,6,2,5,5,1,2,6,6,3,6,5,5,6,3,2,2,2,6,5,7,4,3,3,1,0,0,0,0,0,1,0,0,0,0,1,0,0,1,1,0,0,0,0,0,1,1,0,0,1,0,0,0,0,0,1,0,1,0,0,0,1,0,0,0,4,4,2,4,4,4,4,2,2,4,2,4,4,3,2,1,3,1,1,1,2,3,2,3,0,1,2,0,2,1,1,2,2,4,"1",1,2,2,NA,1,1,0,1,0,0,0,0,1,0,1,0,0,0,0,1,0,0,3.66666666666667,80,6,10,44,-0.0689912513506776,-0.0434763000312056,-1.39327824030511,0.300599362915123,0.0178266212338426,2,3,2,2
"180",189,4,3,4,2,4,2,4,3,5,4,3,5,3,3,6,2,5,2,5,5,1,2,6,6,3,5,5,5,5,2,1,2,3,2,5,7.5,4,3,4,2,0,0,1,0,0,1,0,1,0,0,0,0,0,1,0,1,1,0,0,1,0,1,0,0,1,0,0,0,0,0,0,0,0,0,0,0,0,0,1,1,2,1,1,3,2,2,4,2,2,4,3,2,4,1,2,2,4,3,1,2,2,1,3,3,0,1,2,2,2,1,2,2,2,4,"1",1,3.9,2,NA,0,1,1,1,1,0,0,0,0,1,1,0,0,0,0,1,0,1,3.66666666666667,72,8,11,32,0.532218224705228,-0.392718018800394,-1.22252992758062,-1.05766442507173,0.0178266212338426,5,3,1,2
"181",190,5,5,4,4,6,6,6,5,5,4,6,6,4,5,6,5,5,2,5,1,1,1,1,1,3,2,1,2,1,1,1,1,1,1,1,10,4,5,1,1,1,0,1,0,0,1,0,0,1,0,1,1,1,0,0,1,1,1,1,1,1,1,1,0,1,1,1,1,0,0,0,1,1,1,1,0,1,0,1,1,1,1,1,1,1,1,2,1,1,1,1,2,3,2,1,1,1,2,0,1,2,0,1,1,0,1,0,1,0,0,0,2,2,2,"3",1,1,2,22327,1,0,0,0,0,0,0,0,0,0,0,0,0,0,0,0,0,0,5.13333333333333,37,1,26,17,-1.57201494149044,-1.92065053841559,1.33869476328662,-2.75549416005529,1.894165891494,9,7,7,3
"182",191,6,6,5,3,3,5,3,4,4,4,2,2,2,3,4,2,3,1,2,2,1,2,5,6,2,3,3,2,3,1,1,1,2,1,6,7,4,4,3,1,1,0,1,1,0,1,0,1,1,0,1,0,0,0,0,1,1,1,0,0,1,1,1,0,0,0,0,1,0,1,0,0,0,1,1,0,1,0,0,1,2,1,1,3,4,3,4,3,1,5,2,4,4,1,2,2,3,4,2,1,2,1,3,2,0,2,1,2,2,0,1,2,2,6,"1",1,3,2,NA,0,1,1,1,1,0,0,0,0,1,0,0,0,0,0,1,0,0,3.73333333333333,49,6,19,37,-0.0689912513506776,-1.39678796026181,0.143456574215242,-0.491721180077207,0.103114769882032,8,5,3,2
"183",192,4,6,3,1,6,6,5,4,4,5,4,3,1,4,3,6,7,2,7,3,6,6,7,6,5,5,6,5,6,2,1,6,7,2,2,8,3,2,7,1,1,0,0,0,1,1,0,1,1,0,1,1,1,0,1,1,0,1,0,0,1,1,0,0,1,0,1,0,1,1,0,1,1,0,1,0,1,0,0,0,4,1,3,5,2,4,5,2,1,2,1,5,5,1,2,1,4,2,1,2,3,1,1,4,0,2,2,2,1,1,1,2,2,2,"1",1,3.5,2,NA,0,1,0,1,0,0,0,1,0,0,1,0,0,0,0,0,0,0,3.93333333333333,97,4,21,40,-0.670200727406583,0.698662352353319,0.484953199664208,-0.152155233080494,0.358979215826599,3,5,9,4
"184",193,3,5,3,2,2,4,3,4,3,3,3,4,3,3,4,5,6,5,7,6,6,6,7,6,5,5,3,5,5,3,2,3,3,2,2,7,4,4,5,1,0,0,0,0,0,0,0,0,0,0,0,0,0,1,0,0,1,0,0,0,1,1,0,0,1,1,1,1,0,0,0,1,0,0,0,0,1,0,0,1,4,4,3,4,4,5,5,4,4,3,4,2,3,3,1,1,2,4,3,1,2,1,3,4,4,2,3,2,1,2,2,2,2,3,"1",1,3.9,2,NA,1,0,0,0,1,1,0,0,0,1,1,1,0,1,0,0,0,1,3.26666666666667,92,8,11,49,0.532218224705228,0.480386278122577,-1.22252992758062,0.866542607909644,-0.493902270655292,4,4,2,1
"185",194,2,2,3,2,2,2,4,5,1,4,5,6,2,3,5,2,5,2,5,3,3,6,6,6,3,2,2,3,2,2,2,2,2,5,5,8,4,3,8,1,0,0,1,1,0,0,0,0,0,0,1,0,0,1,0,0,1,0,0,1,1,1,1,0,1,0,0,1,0,1,0,1,0,1,0,0,1,1,0,0,4,4,2,4,4,4,4,4,4,4,3,2,4,1,1,0,2,4,3,2,3,1,3,3,0,3,3,2,0,0,1,2,2,5,"1",1,8.1,2,11197,0,0,0,0,1,1,0,1,0,1,1,0,1,1,0,0,0,0,3.2,68,7,16,47,0.231613486677275,-0.567338878184988,-0.368788363958207,0.640165309911835,-0.57919041930348,8,3,3,1
"187",196,3,3,3,2,2,2,2,3,2,2,1,4,3,2,4,5,5,6,5,4,5,6,7,5,5,7,5,6,7,5,4,4,5,5,3,8,4,4,2,1,0,0,1,0,0,0,0,0,0,0,1,0,0,0,0,1,1,0,0,0,1,1,1,0,1,0,1,0,0,0,0,0,1,1,0,0,1,0,0,0,4,4,3,4,3,3,4,3,3,4,4,4,4,2,2,1,2,3,2,2,2,2,2,3,1,2,1,3,3,4,3,2,2,3,"1",1,2.8,2,19276,1,1,0,0,1,0,0,0,1,0,1,0,0,0,1,1,1,1,2.53333333333333,104,9,12,47,0.83282296273318,1.00424885627636,-1.05178161485614,0.640165309911835,-1.43207190578537,6,2,2,2
"188",198,5,6,3,2,4,1,2,3,2,4,3,5,1,3,2,5,6,5,6,3,1,4,5,6,5,7,5,6,5,4,1,2,2,5,2,7,4,2,3,1,0,0,1,0,0,1,0,0,0,0,1,1,0,0,0,0,1,1,1,0,1,1,1,0,0,1,0,0,0,0,0,1,0,0,0,0,1,1,0,1,4,1,1,3,3,4,5,2,3,4,3,2,2,1,3,3,4,4,2,1,2,1,1,2,0,4,2,2,1,1,2,2,3,3,"1",1,5,2,19261,0,1,1,1,1,0,0,0,0,0,0,0,1,0,0,0,0,1,3.06666666666667,85,6,15,37,-0.0689912513506776,0.174799774199537,-0.539536676682691,-0.491721180077207,-0.749766716599858,7,5,2,0
"189",199,3,5,4,3,5,2,3,3,3,3,3,2,3,3,5,5,6,3,5,4,5,2,5,5,5,6,5,5,5,5,2,2,3,4,2,7,3,3,3,1,0,0,1,1,0,1,0,0,1,0,1,0,0,0,0,1,1,1,0,0,1,1,1,0,1,1,1,1,0,0,0,0,0,0,0,0,1,1,0,1,2,2,3,4,2,3,4,4,3,4,3,3,4,1,1,0,1,1,2,1,2,1,1,2,1,1,2,3,3,2,2,2,2,4,"1",1,3,2,13975,0,0,0,0,0,0,0,0,0,0,0,0,0,0,1,1,0,1,3.33333333333333,84,3,18,41,-0.970805465434535,0.131144559353389,-0.0272917385092412,-0.0389665840815901,-0.408614122007102,9,7,1,1
"190",200,2,4,3,3,3,4,3,4,3,4,3,2,2,2,2,5,5,5,4,2,4,5,5,5,6,6,6,6,6,6,3,3,3,4,3,8,4,3,2,1,1,0,1,0,0,1,0,0,1,0,1,0,1,0,0,0,1,1,0,1,1,1,1,1,1,0,1,1,0,1,0,1,0,1,0,1,0,0,1,1,3,3,2,2,2,4,3,4,4,4,3,5,4,1,1,2,2,4,2,2,2,1,2,3,0,2,1,3,4,2,1,2,2,1,"1",1,6,2,21271,0,0,1,0,1,0,0,0,0,0,1,0,0,0,1,1,0,0,2.93333333333333,92,5,22,43,-0.36959598937863,0.480386278122577,0.655701512388691,0.187410713916218,-0.920343013896237,8,5,6,4
"191",201,3,3,4,1,6,5,3,3,2,3,2,3,3,2,5,5,6,6,4,2,2,2,2,6,5,6,4,5,6,7,2,1,1,6,4,9,5,4,1,1,0,0,0,0,0,0,0,0,0,0,0,0,0,0,0,1,1,1,0,0,0,1,1,0,0,0,1,0,0,0,0,0,0,0,0,0,0,0,0,1,4,2,2,4,2,2,4,2,2,4,3,2,2,2,1,0,2,2,2,1,3,1,1,1,2,3,1,2,3,2,2,2,2,2,"1",1,2,2,20113,1,0,0,0,0,0,0,1,0,0,0,1,1,0,0,1,0,1,3.2,82,6,7,35,-0.0689912513506776,0.0438341296610915,-1.90552317847856,-0.718098478075016,-0.57919041930348,4,3,0,1
"192",202,5,6,4,5,4,3,4,3,3,3,3,6,4,3,3,1,2,1,4,1,1,2,4,2,5,5,4,5,4,3,1,1,1,1,1,8,3,3,7,1,0,0,0,0,0,1,0,0,0,0,0,0,0,1,0,0,0,1,0,0,1,1,0,0,0,1,0,0,0,0,0,0,0,0,0,0,1,0,0,0,2,2,2,2,3,2,3,2,2,3,2,4,3,1,2,2,3,4,4,2,2,2,3,3,0,3,3,2,3,1,1,2,2,2,"1",1,12.5,1,21868,0,1,1,1,1,1,0,0,1,1,1,0,1,1,0,1,0,0,3.93333333333333,49,11,7,32,1.43403243878909,-1.39678796026181,-1.90552317847856,-1.05766442507173,0.358979215826599,1,5,0,0
"193",203,3,5,3,2,4,5,2,3,2,3,4,2,2,2,4,5,5,3,6,6,5,5,7,6,7,7,7,7,7,7,5,4,4,5,2,7,3,3,5,1,0,1,1,1,0,0,0,0,0,0,0,0,0,1,0,1,1,1,0,0,0,1,1,0,1,0,0,1,0,1,0,1,0,0,1,1,0,0,0,1,4,4,2,4,4,4,4,3,4,4,5,3,3,2,2,1,2,0,4,1,2,1,1,2,0,3,3,2,2,1,1,2,2,1,"1",1,6.1,2,22510,1,1,0,0,0,1,0,0,0,0,0,0,1,1,0,1,0,0,3.06666666666667,110,6,16,48,-0.0689912513506776,1.26618014535325,-0.368788363958207,0.75335395891074,-0.749766716599858,6,4,5,1
"194",204,4,3,4,3,3,5,3,3,4,3,3,6,2,3,3,4,5,5,5,3,2,4,6,6,6,6,6,6,5,6,2,2,3,3,5,7,4,4,2,1,0,0,1,0,0,0,0,0,0,0,1,0,0,1,0,1,1,1,0,1,0,1,1,0,1,1,0,1,0,1,0,0,0,0,1,0,0,1,1,1,4,2,2,4,4,4,4,3,2,3,4,4,2,1,1,1,3,3,2,2,3,1,2,3,1,1,2,0,1,1,1,2,2,6,"1",1,8,2,19402,0,0,0,1,1,0,0,1,0,0,1,0,0,0,0,0,0,0,3.46666666666667,90,4,17,42,-0.670200727406583,0.39307584843028,-0.198040051233724,0.0742220649173141,-0.238037824710724,9,4,3,1
"195",205,3,3,3,2,4,2,2,3,4,4,2,3,2,3,5,3,2,2,3,3,2,6,6,5,5,5,5,3,5,2,2,2,5,3,6,7,3,3,7,1,0,0,1,1,0,1,0,0,1,0,0,0,1,0,0,1,1,0,0,0,1,1,1,0,1,1,0,1,0,0,0,1,1,1,1,0,1,0,1,0,2,2,2,4,3,3,4,2,4,3,3,4,4,1,1,2,2,4,2,2,3,2,3,2,0,3,1,2,4,1,2,2,2,3,"1",1,5,2,17035,0,0,1,0,1,0,0,1,1,1,0,0,1,0,0,1,0,1,3,75,8,19,40,0.532218224705228,-0.261752374261948,0.143456574215242,-0.152155233080494,-0.835054865248048,6,5,5,2
"196",206,5,5,2,2,3,5,4,3,2,3,3,5,2,2,5,1,6,4,6,6,6,6,6,6,6,6,6,6,6,5,2,6,6,3,7,7,2,2,7,1,0,0,1,1,0,1,0,0,0,0,1,1,1,0,0,0,0,0,0,0,0,1,1,0,0,0,0,1,0,0,0,1,1,0,1,0,1,1,0,1,5,5,4,4,4,4,4,4,4,4,4,5,4,3,2,0,3,1,2,1,3,2,2,3,1,1,2,1,2,2,2,2,2,3,"1",1,6.8,2,18994,1,1,0,1,0,0,0,1,1,0,1,0,0,0,0,1,0,1,3.4,106,8,15,55,0.532218224705228,1.09155928596866,-0.539536676682691,1.54567450190307,-0.323325973358914,6,3,5,0
"199",209,4,5,3,6,5,6,5,5,5,5,3,5,2,4,2,3,3,4,5,6,1,1,1,5,3,3,3,3,3,3,3,5,5,5,4,8,2,3,7,1,1,0,0,0,0,1,1,0,1,0,1,1,0,1,1,1,1,1,0,0,0,1,0,0,1,1,0,0,1,0,0,1,1,0,1,1,1,1,0,1,2,2,2,2,4,2,4,4,2,4,2,2,4,1,1,1,3,2,2,1,2,1,1,3,1,2,2,2,2,3,1,2,2,2,"1",1,4,2,22114,0,0,0,1,0,0,0,0,0,0,1,0,0,0,0,1,1,0,4.33333333333333,69,4,22,36,-0.670200727406583,-0.523683663338839,0.655701512388691,-0.604909829076111,0.870708107715733,5,6,8,2
"200",210,3,6,5,3,3,5,3,3,4,4,3,6,5,4,4,3,2,2,4,5,2,2,2,2,4,5,5,5,5,4,1,2,1,1,1,8.5,4,5,3,1,0,0,1,1,0,1,0,0,0,0,1,1,0,1,0,1,1,1,0,1,1,1,1,0,1,0,0,0,0,0,0,1,0,0,1,0,1,0,0,1,3,2,1,3,2,1,4,1,2,3,3,2,2,1,1,1,2,3,2,2,3,2,1,1,1,2,2,1,0,2,1,2,2,2,"1",1,3,2,22192,0,0,0,0,1,0,0,1,1,0,0,0,0,0,0,0,0,0,4.06666666666667,58,3,18,29,-0.970805465434535,-1.00389102664647,-0.0272917385092412,-1.39723037206844,0.529555513122977,8,5,4,0
"201",211,5,6,5,4,6,4,6,6,4,5,5,6,5,5,6,2,4,2,5,4,4,2,5,4,4,6,5,5,6,3,1,1,2,1,1,7,3,4,2,1,0,0,0,0,0,0,0,0,0,1,0,1,0,0,0,1,1,1,0,0,0,1,0,0,0,0,0,1,0,0,0,1,1,0,1,0,1,1,0,0,4,2,2,2,4,2,4,2,2,4,3,3,3,0,0,1,2,3,2,0,2,0,2,2,0,2,1,1,1,1,1,2,2,1,"1",1,3.1,1,22513,0,0,0,0,1,0,0,0,0,0,0,0,0,0,0,0,0,0,5.2,67,1,12,37,-1.57201494149044,-0.610994093031136,-1.05178161485614,-0.491721180077207,1.97945404014219,4,3,4,0
"202",212,3,6,2,2,2,6,3,3,2,3,3,3,1,3,4,5,4,3,7,5,4,7,5,5,6,6,5,4,6,5,4,5,6,4,5,7,3,3,5,1,0,0,1,1,0,0,0,0,1,0,1,0,1,0,0,0,0,0,0,0,0,1,0,0,0,1,0,0,0,0,0,1,1,1,1,0,1,0,0,0,4,4,4,4,4,4,4,4,3,4,4,2,3,2,3,1,3,3,3,1,4,2,2,3,1,2,4,3,2,3,3,2,2,3,"1",1,6.5,2,21949,1,1,0,1,1,1,0,1,1,0,1,0,0,1,1,1,1,1,3.06666666666667,101,13,12,48,2.03524191484499,0.873283211737914,-1.05178161485614,0.75335395891074,-0.749766716599858,2,4,4,1
"204",214,6,5,4,3,2,2,2,3,1,2,3,3,2,4,5,5,4,4,4,2,2,4,5,5,5,3,3,5,5,4,2,2,4,6,6,6,3,4,6,2,0,0,1,0,0,1,0,0,1,1,0,1,1,1,0,1,1,1,0,1,1,1,1,0,1,0,0,0,0,1,0,1,1,1,1,1,1,1,0,0,3,2,2,4,3,2,4,3,2,2,3,3,4,2,1,2,2,3,3,2,3,1,2,1,0,2,1,2,2,1,0,2,2,4,"1",1,8.5,1,NA,1,0,1,0,1,1,0,1,0,0,0,0,0,0,0,1,0,0,3.13333333333333,80,6,23,37,-0.0689912513506776,-0.0434763000312056,0.826449825113175,-0.491721180077207,-0.66447856795167,7,6,8,1
"205",215,4,3,3,3,4,6,3,5,4,4,4,3,2,2,1,5,6,4,6,4,4,3,6,6,6,6,5,4,5,5,5,4,4,6,3,6,3,2,3,1,1,0,1,0,0,0,0,0,1,0,1,0,1,0,1,1,1,0,0,1,1,1,1,0,1,1,0,0,0,0,0,0,1,1,0,0,1,1,0,1,3,3,2,4,3,3,3,2,2,4,2,3,4,1,1,2,2,2,1,1,2,2,2,2,1,3,3,2,2,2,2,2,2,4,"1",1,5.7,1,13495,0,0,1,0,0,0,0,0,1,0,0,0,1,1,0,1,0,1,3.4,97,6,19,38,-0.0689912513506776,0.698662352353319,0.143456574215242,-0.378532531078303,-0.323325973358914,9,3,4,2
"206",216,5,4,5,3,5,5,5,5,5,5,3,5,3,4,5,3,5,2,5,2,2,2,3,5,5,6,3,5,5,4,2,2,3,2,3,6,3,4,5,1,0,0,1,1,0,1,1,0,0,0,0,0,0,1,0,1,1,1,0,0,1,0,1,0,1,1,1,0,0,0,0,1,1,0,1,0,1,1,0,0,4,2,4,3,4,2,4,2,4,4,4,2,4,1,1,2,2,3,2,1,2,1,1,2,0,2,1,2,1,0,1,2,2,2,"1",1,6,2,21388,0,0,1,0,1,0,0,0,0,0,0,0,0,0,0,0,0,0,4.46666666666667,69,2,18,43,-1.27141020346249,-0.523683663338839,-0.0272917385092412,0.187410713916218,1.04128440501211,6,6,4,2
"208",218,3,3,3,2,3,1,2,4,2,3,2,3,2,3,4,5,6,6,4,5,4,3,3,5,6,6,6,6,6,6,2,2,2,6,2,6,4,3,3,1,0,0,1,1,0,0,0,0,1,0,0,1,1,0,0,0,0,0,0,1,0,1,0,0,1,1,0,0,0,0,0,1,1,0,1,0,1,0,0,0,3,2,2,4,4,4,4,2,4,4,4,3,4,1,1,2,2,4,2,2,2,2,2,2,2,2,2,2,2,2,2,2,2,4,"1",1,4,2,13078,0,0,1,0,1,0,0,0,1,0,0,1,0,0,0,1,0,1,2.66666666666667,91,6,13,44,-0.0689912513506776,0.436731063276428,-0.881033302131657,0.300599362915123,-1.26149560848899,2,4,6,0
"209",219,4,4,5,3,4,4,4,4,4,4,4,4,4,4,4,4,4,2,2,2,2,2,3,2,3,3,2,3,3,3,3,2,2,2,2,7,3,3,1,1,1,0,1,0,0,1,0,0,1,1,1,1,1,1,0,1,1,1,0,0,1,1,1,1,1,0,1,1,1,1,0,1,0,0,1,1,1,0,0,1,2,2,2,2,2,2,2,2,3,3,3,2,4,2,2,2,2,2,2,2,2,2,2,2,2,2,2,2,2,2,2,2,2,1,"1",1,6,2,20608,1,1,1,0,0,0,0,0,1,0,0,1,0,0,0,1,0,1,4,51,7,26,31,0.231613486677275,-1.30947753056951,1.33869476328662,-1.17085307407063,0.444267364474788,8,7,9,2
"211",221,3,3,2,3,4,1,2,3,1,1,4,3,1,2,4,5,6,2,6,2,1,5,6,6,6,6,6,6,5,3,1,1,1,5,1,7,3,4,2,1,0,0,1,0,0,0,0,0,1,0,1,1,0,0,1,0,1,0,0,0,0,1,0,1,1,0,0,0,0,0,0,1,0,1,1,0,1,1,1,0,4,2,1,2,4,4,4,2,3,4,2,4,4,1,1,1,3,4,4,2,3,4,2,3,1,3,2,1,2,3,1,2,2,1,"1",1,1.9,2,22435,0,0,0,1,1,1,0,1,1,0,1,0,1,0,0,1,1,0,2.46666666666667,80,9,15,40,0.83282296273318,-0.0434763000312056,-0.539536676682691,-0.152155233080494,-1.51736005443356,4,2,4,4
"212",222,5,6,5,4,4,4,3,4,4,3,3,3,3,3,3,5,6,6,6,7,6,6,7,6,4,7,7,5,6,4,2,1,1,3,1,7,3,2,3,1,1,0,1,0,0,1,1,0,0,0,1,0,0,0,0,1,1,1,0,1,1,1,1,0,1,0,1,1,1,1,0,0,1,1,1,0,0,0,1,0,3,3,4,5,5,4,4,2,3,4,3,4,4,1,0,0,3,3,2,2,4,1,1,2,0,3,1,3,2,2,2,2,2,2,"1",1,3.9,2,16831,0,0,0,1,1,0,0,1,0,0,0,0,1,0,1,1,0,1,3.8,96,7,21,48,0.231613486677275,0.655007137507171,0.484953199664208,0.75335395891074,0.188402918530221,8,4,6,4
"213",223,3,3,3,4,4,5,4,5,4,5,5,5,4,5,6,5,4,5,5,4,3,5,5,5,6,6,6,6,6,5,4,4,4,4,3,6,3,3,5,1,0,1,0,0,1,0,0,0,1,1,1,0,1,1,0,1,1,0,0,0,0,1,0,0,1,0,0,0,0,1,0,1,1,0,0,1,1,1,0,1,3,3,3,4,3,4,4,3,3,3,3,4,4,3,1,1,2,3,2,3,3,1,1,2,2,3,3,1,1,1,1,2,2,3,"1",1,7.2,1,19096,1,0,0,0,1,0,1,1,0,0,0,1,1,1,0,0,0,0,4.33333333333333,95,7,18,44,0.231613486677275,0.611351922661022,-0.0272917385092412,0.300599362915123,0.870708107715733,5,4,6,2
"216",226,3,5,2,3,6,3,1,2,1,4,3,4,1,4,1,5,6,3,6,3,4,7,3,3,3,3,3,5,4,6,2,5,6,2,3,6,3,1,3,1,0,0,1,1,0,1,0,1,0,0,0,0,0,1,0,0,1,1,0,0,1,1,1,0,1,0,0,0,0,0,0,1,1,1,1,1,1,1,0,0,2,2,4,4,2,3,4,4,2,5,4,5,5,2,2,1,3,4,2,1,2,4,3,1,0,4,3,0,1,0,1,2,2,1,"1",1,5.5,2,NA,1,1,0,1,1,0,0,0,1,1,0,0,1,1,0,0,0,0,2.86666666666667,82,8,18,46,0.532218224705228,0.0438341296610915,-0.0272917385092412,0.526976660912931,-1.00563116254443,5,5,5,2
"217",227,3,3,3,2,3,3,2,3,4,3,2,3,1,3,4,7,7,6,7,6,5,5,6,5,7,6,5,7,6,6,3,3,5,7,4,7,2,1,4,1,1,0,1,0,0,1,0,0,1,0,1,0,1,0,1,0,0,0,1,0,0,1,0,0,1,1,1,0,0,1,0,1,1,1,1,1,1,0,1,0,5,5,5,5,4,5,5,4,4,5,5,4,3,1,1,2,4,4,4,2,2,3,4,1,1,4,4,2,1,0,1,2,2,2,"1,3",1,6.5,2,22522,0,0,1,1,1,1,0,0,1,1,0,0,1,1,0,0,0,0,2.8,113,8,20,59,0.532218224705228,1.3971457898917,0.314204886939725,1.99842909789869,-1.09091931119262,2,6,8,4
"218",228,3,6,3,4,2,5,3,3,3,4,3,6,2,3,6,6,6,5,6,5,4,2,6,6,5,6,6,5,6,5,2,6,4,5,7,7.5,4,4,2,1,0,0,0,0,0,0,0,0,0,0,0,0,0,0,0,0,0,0,0,0,1,1,0,0,0,1,0,1,0,0,0,0,0,0,1,0,0,0,0,0,4,3,4,4,3,3,4,2,4,4,4,4,4,2,1,0,4,4,1,1,2,1,0,3,0,3,1,0,0,0,0,2,2,3,"1",1,5,2,22333,1,0,0,1,1,0,0,0,0,0,1,0,1,0,0,0,0,0,3.73333333333333,103,5,5,47,-0.36959598937863,0.960593641430211,-2.24701980392752,0.640165309911835,0.103114769882032,2,2,1,0
"220",230,4,6,3,4,3,3,2,4,3,4,2,5,3,4,6,2,2,1,3,4,1,2,1,3,2,2,2,2,2,2,2,2,2,2,2,7.5,4,4,2,1,0,0,0,1,0,0,1,1,0,0,1,0,0,1,0,1,1,1,0,1,0,1,1,0,0,0,1,1,0,0,0,0,0,1,1,0,1,1,0,1,2,2,1,2,1,1,1,1,3,3,3,1,4,0,2,1,1,3,2,1,1,2,2,2,0,2,1,2,0,0,0,2,2,3,"1",1,1.7,2,16861,0,1,0,0,1,0,0,0,1,0,0,0,0,0,0,0,0,0,3.73333333333333,41,3,18,25,-0.970805465434535,-1.746029679031,-0.0272917385092412,-1.84998496806406,0.103114769882032,8,5,1,4
"221",231,2,5,3,5,4,3,4,4,4,5,3,6,3,3,3,4,3,5,5,6,6,6,4,4,7,7,6,7,6,7,4,4,3,3,4,7,2,2,2,1,0,0,1,1,0,1,1,0,1,1,1,1,1,1,0,1,1,1,0,1,1,1,1,1,1,1,1,1,1,0,0,1,0,0,1,0,1,1,0,1,4,5,5,4,4,3,2,3,4,4,3,2,2,2,1,3,2,3,2,2,3,1,1,2,1,2,1,2,1,1,1,2,2,2,"1",1,3,2,22240,1,0,1,0,1,0,0,1,0,0,0,0,0,0,0,0,0,0,3.8,101,4,28,45,-0.670200727406583,0.873283211737914,1.68019138873559,0.413788011914027,0.188402918530221,10,9,6,3
"222",232,3,4,2,2,2,2,2,3,2,3,2,3,1,2,2,5,5,4,5,3,2,2,3,4,3,3,4,5,5,5,4,3,3,3,5,8,2,3,7,1,0,0,1,0,0,1,0,0,1,0,1,1,1,1,0,1,1,0,0,1,1,1,1,0,1,1,1,0,0,0,0,1,1,0,1,0,1,0,1,1,3,4,1,4,4,4,4,4,2,4,3,4,4,3,2,1,2,3,3,1,3,2,2,3,2,3,2,2,3,3,2,2,2,1,"1",1,3,2,22051,1,1,0,0,1,1,0,1,1,0,1,1,1,0,0,1,1,1,2.33333333333333,76,12,22,45,1.73463717681704,-0.2180971594158,0.655701512388691,0.413788011914027,-1.68793635172994,8,6,6,2
"223",233,5,5,6,4,5,5,3,4,2,4,5,6,3,3,4,2,5,2,5,2,2,5,2,5,5,6,6,5,6,4,2,1,1,1,1,9,3,5,3,1,0,0,1,1,0,0,0,0,0,0,1,0,0,1,0,0,1,0,0,1,1,1,1,1,0,0,1,0,0,0,0,1,0,0,0,0,1,1,0,1,4,2,1,1,4,3,4,1,1,4,3,4,4,1,1,0,2,3,2,2,1,1,1,2,0,2,4,1,2,1,1,2,3,2,"5",1,3.3,2,22384,0,0,0,0,1,0,0,0,0,0,0,0,0,1,0,1,0,0,4.26666666666667,68,3,15,36,-0.970805465434535,-0.567338878184988,-0.539536676682691,-0.604909829076111,0.785419959067544,8,4,1,2
"224",234,5,4,4,5,5,4,5,5,4,4,5,4,4,5,4,5,2,2,2,1,1,1,6,4,2,2,2,2,2,2,2,2,2,2,2,6,4,3,2,1,1,0,1,0,0,1,0,1,0,1,1,0,1,1,0,1,1,1,0,1,1,1,1,0,1,1,1,1,1,1,0,1,1,0,0,1,1,1,0,1,2,1,2,1,1,1,1,2,3,3,3,2,1,2,2,1,2,3,3,1,2,1,2,2,0,2,1,1,2,1,1,2,2,2,"1",1,3.3,1,19417,1,1,0,0,1,1,0,0,0,0,0,0,0,0,0,1,0,0,4.46666666666667,46,5,27,23,-0.36959598937863,-1.52775360480026,1.50944307601111,-2.07636226606187,1.04128440501211,10,7,8,2
"225",235,3,3,2,4,4,4,2,4,1,3,3,5,3,3,4,4,4,4,4,5,5,2,4,6,5,5,4,4,5,4,4,4,4,4,4,7,3,3,3,1,0,0,1,1,0,1,0,0,1,0,1,1,1,1,0,1,1,1,0,1,1,1,1,0,1,1,1,1,0,1,0,1,1,0,1,0,1,1,0,1,2,1,1,4,4,2,4,1,4,4,4,2,4,1,1,0,2,4,3,1,1,2,2,2,1,2,3,3,2,1,2,2,2,1,"1",1,4.1,2,21862,0,0,0,0,1,1,0,0,1,0,0,0,0,1,1,1,0,1,3.2,85,7,26,37,0.231613486677275,0.174799774199537,1.33869476328662,-0.491721180077207,-0.57919041930348,10,8,7,1
"226",236,5,5,3,2,4,5,4,5,2,5,3,3,2,4,3,7,7,2,7,7,7,7,7,7,6,6,7,6,6,6,6,6,6,6,7,8,3,3,5,1,1,0,1,0,0,0,0,0,1,0,1,1,1,1,0,1,1,0,0,0,1,0,1,0,1,1,0,1,0,1,0,0,1,0,1,1,0,0,0,1,5,5,5,5,5,4,4,2,4,4,4,4,5,1,1,2,2,4,2,1,2,1,1,3,3,4,4,3,0,1,2,2,2,1,"1",1,7.3,2,19636,0,0,1,0,1,0,0,0,0,0,1,1,1,1,1,0,0,1,3.66666666666667,126,8,19,56,0.532218224705228,1.96466358289163,0.143456574215242,1.65886315090197,0.0178266212338426,8,3,8,0
"227",237,4,3,3,3,4,3,3,4,4,3,4,5,4,3,4,5,5,5,5,3,3,5,5,3,3,3,5,3,5,3,3,4,4,1,5,7,4,2,2,1,0,0,1,0,0,1,0,1,0,0,1,0,1,0,1,1,1,1,0,1,1,1,1,0,1,0,1,0,0,0,0,1,1,0,0,0,0,0,1,0,2,2,2,4,4,4,4,4,4,4,4,4,4,2,2,2,2,2,2,2,2,2,2,2,2,2,2,2,2,2,2,2,2,3,"1",1,10.1,2,22135,1,1,1,0,0,0,0,0,1,0,0,1,0,0,0,1,0,1,3.6,78,7,18,46,0.231613486677275,-0.130786729723503,-0.0272917385092412,0.526976660912931,-0.0674615274143462,7,4,4,4
"228",238,5,6,6,5,6,6,6,5,5,6,6,6,5,6,6,1,5,2,4,1,2,2,5,5,4,6,6,5,5,3,1,1,1,1,1,7,4,2,1,1,0,0,1,0,0,1,0,0,0,0,1,0,0,1,0,1,1,1,0,0,1,1,1,0,1,0,0,0,0,0,0,1,0,1,0,0,1,0,0,1,2,1,1,1,2,3,4,1,3,2,3,3,2,1,0,1,1,2,1,1,2,0,1,2,0,1,0,1,0,0,1,2,2,3,"1",1,5,2,21994,0,0,0,0,0,0,0,0,0,0,0,0,0,0,0,0,0,0,5.66666666666667,61,0,15,28,-1.87261967951839,-0.872925382108028,-0.539536676682691,-1.51041902106735,2.57647108067951,7,4,2,1
"229",239,3,4,3,3,5,4,2,3,3,3,4,1,2,3,2,3,3,2,5,2,4,2,6,4,5,5,4,6,6,6,1,5,2,6,1,8,3,3,4,1,1,0,1,1,0,1,0,0,1,1,1,0,1,1,0,0,1,0,0,1,1,1,1,0,1,1,0,0,1,1,0,0,1,0,0,1,1,1,0,0,2,2,3,2,3,4,4,3,3,4,4,3,2,2,2,1,2,4,3,2,3,2,3,3,1,2,4,2,3,2,3,2,2,5,"1",1,3.5,1,19420,1,1,0,0,1,1,0,1,1,1,1,0,0,1,0,1,0,1,3,78,11,22,39,1.43403243878909,-0.130786729723503,0.655701512388691,-0.265343882079399,-0.835054865248048,7,7,7,0
"230",240,3,5,3,4,3,4,4,4,4,5,4,6,2,3,3,5,5,3,6,2,1,2,5,5,3,7,6,5,6,2,1,1,3,5,1,9,3,2,2,1,0,0,0,1,0,0,0,0,0,0,1,0,1,1,0,0,0,0,0,1,0,1,0,0,1,0,0,0,0,0,0,1,0,1,1,0,1,0,0,0,2,1,4,4,1,1,4,5,2,5,4,2,4,1,1,2,4,4,2,2,4,2,2,3,1,2,3,2,2,1,2,2,2,1,"1",1,6,2,19852,0,0,1,1,1,0,0,1,1,0,1,0,0,1,0,1,0,1,3.8,74,9,11,39,0.83282296273318,-0.305407589108097,-1.22252992758062,-0.265343882079399,0.188402918530221,2,3,4,1
"231",241,4,6,6,3,5,6,6,6,4,5,5,6,4,5,5,2,4,4,3,1,1,2,1,1,2,6,1,2,2,2,2,2,2,2,2,8,4,2,3,1,0,0,0,0,1,1,0,0,1,0,1,0,0,1,1,0,1,1,0,0,1,1,1,0,1,0,0,0,0,0,0,1,1,1,0,0,1,1,0,1,2,2,2,2,2,2,2,2,2,2,2,4,4,1,1,1,2,2,1,1,3,2,1,1,1,1,1,1,1,0,0,2,2,3,"1",1,4,2,19210,0,0,0,0,0,0,0,1,1,0,0,0,0,0,0,0,0,0,5.06666666666667,44,2,18,30,-1.27141020346249,-1.61506403449255,-0.0272917385092412,-1.28404172306954,1.80887774284581,6,5,3,3
"232",242,5,6,3,6,4,3,6,5,5,5,3,6,3,5,2,5,5,4,6,2,1,5,3,5,2,5,5,5,5,5,3,5,5,7,2,7,4,3,2,1,0,1,1,0,0,1,0,0,0,0,1,0,0,1,0,1,1,1,0,0,1,1,1,1,0,0,1,1,0,0,0,1,1,1,1,0,1,0,0,1,3,2,4,2,2,4,4,4,1,4,2,5,5,1,1,0,3,3,1,1,3,1,1,2,0,0,0,4,1,3,1,2,2,2,"1",1,2.5,1,22330,0,0,0,1,1,0,0,1,0,0,0,0,0,0,1,0,1,0,4.46666666666667,85,5,20,42,-0.36959598937863,0.174799774199537,0.314204886939725,0.0742220649173141,1.04128440501211,8,5,3,4
"234",244,4,6,5,2,6,6,5,5,6,6,6,6,5,5,6,2,6,2,6,5,3,3,3,5,3,5,2,2,2,2,1,2,3,1,2,8,4,2,2,1,0,0,0,0,0,1,0,0,1,0,0,1,1,0,0,0,1,1,0,0,1,1,0,0,0,1,1,0,0,1,0,1,0,0,1,0,1,0,0,0,2,2,4,4,2,2,2,1,1,4,3,4,4,2,1,1,4,3,2,2,2,1,1,2,0,2,2,0,0,0,0,2,2,3,"1",1,3.5,2,18469,1,0,0,1,1,0,0,0,0,0,0,0,0,0,0,0,0,0,5.26666666666667,60,3,14,35,-0.970805465434535,-0.916580596954176,-0.710284989407174,-0.718098478075016,2.06474218879038,2,6,5,1
"236",247,4,5,4,5,5,3,4,5,3,4,5,6,3,4,3,2,6,5,5,6,5,5,3,6,6,3,5,5,4,3,2,2,1,5,4,9,4,5,1,1,0,0,0,0,0,1,0,0,1,0,0,1,0,0,1,0,0,0,1,0,0,1,0,0,0,0,0,0,0,0,0,1,1,1,1,0,1,0,0,0,5,5,4,4,4,4,4,2,4,2,4,2,3,2,1,0,2,1,0,2,1,1,1,1,0,1,1,1,2,1,2,2,2,3,"1",1,5.2,2,20686,1,0,0,0,0,0,0,0,0,0,0,0,0,0,0,1,0,1,4.2,83,3,11,47,-0.970805465434535,0.08748934450724,-1.22252992758062,0.640165309911835,0.700131810419355,0,4,4,2
"238",251,3,3,4,2,5,1,2,2,1,2,1,2,1,3,2,6,6,6,7,4,3,5,5,6,5,5,5,5,5,3,2,3,5,5,2,8,3,2,3,1,0,0,0,1,0,0,0,0,0,0,1,0,0,0,0,1,1,0,0,1,0,1,1,0,0,1,0,0,0,0,0,1,1,0,1,0,1,1,0,1,5,4,1,4,4,4,5,3,2,4,4,5,5,3,3,4,4,4,4,3,3,3,1,3,0,3,2,1,3,1,1,2,2,2,"1",1,6,1,22543,1,1,1,1,1,1,1,1,1,0,1,0,1,0,0,1,0,0,2.26666666666667,93,12,14,50,1.73463717681704,0.524041492968725,-0.710284989407174,0.979731256908548,-1.77322450037813,7,3,3,0
"240",253,3,5,5,3,6,3,5,5,3,3,3,5,2,4,2,6,7,7,6,6,5,5,6,7,6,6,7,6,6,6,3,4,6,6,6,6,4,4,4,1,0,0,1,1,0,0,0,1,1,0,1,0,0,1,0,1,1,0,0,0,1,1,1,0,1,0,0,1,0,0,0,0,0,0,0,0,1,1,0,1,4,4,3,4,4,4,4,4,3,5,4,4,4,1,0,1,1,2,1,1,3,1,2,4,1,1,2,4,3,2,3,2,2,2,"1",1,2.9,2,22558,0,0,0,0,0,0,0,1,0,0,1,0,0,0,1,1,0,1,3.8,117,5,16,51,-0.36959598937863,1.57176664927629,-0.368788363958207,1.09291990590745,0.188402918530221,9,4,1,1
"241",254,3,3,3,4,3,2,3,4,4,3,5,5,1,4,3,6,7,6,7,7,5,7,7,7,7,7,7,7,7,7,7,7,7,7,7,9,4,5,1,1,0,0,0,0,0,1,0,1,0,0,0,0,0,0,0,0,0,0,0,0,0,0,0,0,0,0,0,0,0,0,0,0,0,0,1,0,1,0,0,0,5,5,5,5,5,5,5,5,5,5,5,5,5,3,1,1,2,4,2,1,1,4,1,4,1,3,1,1,2,2,2,2,2,1,"1",1,4,1,21931,1,0,0,0,1,0,0,0,1,0,1,0,1,0,0,1,0,1,3.33333333333333,136,7,4,65,0.231613486677275,2.40121573135311,-2.41776811665201,2.67756099189211,-0.408614122007102,0,1,1,1
"242",255,3,5,2,2,4,4,3,3,2,4,2,5,2,3,4,5,5,5,5,6,5,3,5,5,6,6,6,6,4,4,3,4,5,5,5,6,3,4,7,1,0,0,1,0,0,0,0,0,1,0,1,0,0,0,0,0,0,0,0,0,1,1,1,0,1,1,0,0,0,0,0,0,0,0,0,1,1,1,0,0,4,2,2,3,3,3,4,4,2,4,3,4,4,2,1,2,3,2,3,2,2,3,2,3,1,3,2,3,3,3,3,2,2,1,"5",1,3.6,2,22534,1,0,1,1,0,1,0,0,1,0,1,0,1,0,1,1,1,1,3.2,98,11,11,42,1.43403243878909,0.742317567199468,-1.22252992758062,0.0742220649173141,-0.57919041930348,5,3,2,0
"243",256,3,1,1,4,6,2,5,3,4,3,4,6,1,3,1,7,7,5,7,3,4,7,7,7,7,7,5,6,4,5,1,2,1,5,6,9,4,4,3,1,0,0,0,0,0,0,0,0,1,0,1,0,1,1,0,0,1,0,0,1,0,1,1,0,1,0,0,0,0,1,0,1,1,0,1,1,1,0,0,1,5,5,2,5,3,4,5,2,2,2,2,3,5,3,3,1,4,4,1,3,4,2,2,3,0,4,1,2,1,1,1,2,2,3,"1",1,4,1,NA,1,1,0,1,1,0,1,1,1,0,1,0,1,0,0,0,0,0,3.13333333333333,103,9,16,45,0.83282296273318,0.960593641430211,-0.368788363958207,0.413788011914027,-0.66447856795167,5,3,7,0
"244",257,3,5,5,4,3,3,4,4,4,4,5,5,3,4,6,3,2,2,2,3,1,2,3,5,2,2,2,2,2,2,1,1,1,1,1,7,3,4,2,2,0,1,0,0,0,0,1,1,1,0,0,1,1,0,0,0,0,1,0,0,0,1,0,0,0,1,0,0,0,0,0,1,0,0,1,1,1,0,0,0,5,2,3,4,2,3,4,2,2,3,2,1,4,1,0,2,2,2,1,2,2,1,1,2,1,1,2,2,2,1,2,2,2,34,"1",1,4.5,2,NA,0,0,1,0,0,0,0,0,0,0,0,0,0,0,0,1,0,1,4.13333333333333,40,3,13,37,-0.970805465434535,-1.78968489387715,-0.881033302131657,-0.491721180077207,0.614843661771167,0,4,5,3
