Participant,MAAS_1,MAAS_2,MAAS_3,MAAS_4,MAAS_5,MAAS_6,MAAS_7,MAAS_8,MAAS_9,MAAS_10,MAAS_11,MAAS_12,MAAS_13,MAAS_14,MAAS_15,Nomo1_1,Nomo1_2,Nomo1_3,Nomo1_4,Nomo1_5,Nomo1_6,Nomo1_7,Nomo1_8,Nomo1_9,Nomo2_1,Nomo2_2,Nomo2_3,Nomo2_4,Nomo2_5,Nomo2_6,Nomo2_7,Nomo2_8,Nomo2_9,Nomo2_10,Nomo2_11,sleep_hours,sleep_quality,sleep_effects,sleep_onset,sleep_phone,SSS-1,SSS-2,SSS-3,SSS-4,SSS-5,SSS-6,SSS-7,SSS-8,SSS-9,SSS-10,SSS-11,SSS-12,SSS-13,SSS-14,SSS-15,SSS-16,SSS-17,SSS-18,SSS-19,SSS-20,SSS-21,SSS-22,SSS-23,SSS-24,SSS-25,SSS-26,SSS-27,SSS-28,SSS-29,SSS-30,SSS-31,SSS-32,SSS-33,SSS-34,SSS-35,SSS-36,SSS-37,SSS-38,SSS-39,SSS-40,Reliance_1,Reliance_2,Reliance_3,Reliance_4,Reliance_5,Reliance_6,Reliance_7,Reliance_8,Reliance_9,Reliance_10,Reliance_11,Reliance_12,Reliance_13,ASRS1_1,ASRS1_2,ASRS1_3,ASRS1_4,ASRS1_5,ASRS1_6,ASRS2_1,ASRS2_2,ASRS2_3,ASRS2_4,ASRS2_5,ASRS2_6,ASRS2_7,ASRS2_8,ASRS2_9,ASRS2_10,ASRS2_11,ASRS2_12,Sex,Gender,Age,Race(s),OwnSP,SPhours_1,OwnSW,id,ADHD1,ADHD2,ADHD3,ADHD4,ADHD5,ADHD6,ADHD7,ADHD8,ADHD9,ADHD10,ADHD11,ADHD12,ADHD13,ADHD14,ADHD15,ADHD16,ADHD17,ADHD18
1,3,2,4,1,4,2,5,5,4,3,2,3,4,3,4,4,2,3,6,6,2,5,5,7,5,6,6,6,6,6,4,5,5,2,2,8,4,3,3,1,1,1,0,1,0,1,1,0,1,0,1,0,1,1,0,0,1,1,0,1,1,1,1,0,1,0,1,1,1,1,0,1,1,1,1,0,0,0,0,0,1,2,3,4,4,3,4,2,2,4,4,2,3,0,0,1,3,3,2,2,3,1,2,2,2,2,1,1,0,0,1,2,2,3,1,1,5.7,2,,0,0,0,1,1,0,0,1,0,0,0,1,0,0,0,0,0,0
2,3,4,3,3,2,3,4,3,3,3,4,6,2,3,5,2,5,3,5,4,3,2,5,5,4,5,5,3,6,2,1,1,1,5,4,9,3,2,7,1,0,0,0,0,0,1,0,1,1,0,0,1,0,0,1,1,1,1,0,1,1,1,1,0,1,1,0,1,0,0,1,1,0,1,0,0,1,0,1,1,4,2,2,3,4,3,4,4,3,4,3,4,4,2,1,1,3,4,2,1,2,1,1,4,0,3,4,2,2,2,2,2,2,2,1,1,3.2,2,,1,0,0,1,1,0,0,0,0,0,1,0,1,1,0,1,0,1
3,2,4,3,3,2,3,2,2,2,2,5,4,3,2,5,5,6,3,5,5,6,7,3,7,5,6,6,5,6,3,2,2,2,6,5,7,3,2,2,1,0,0,1,1,0,0,0,0,1,0,1,0,0,0,0,1,1,0,0,1,1,1,0,0,1,0,0,0,0,0,0,1,0,1,1,0,1,1,0,0,5,4,4,5,4,4,4,4,2,4,3,4,4,2,3,1,4,3,2,3,2,2,1,2,1,2,2,3,0,1,2,1,1,2,1,1,5,1,,1,1,0,1,1,0,1,0,1,0,0,0,0,0,1,0,0,1
4,5,5,4,3,6,4,5,5,6,3,4,6,3,5,5,4,5,4,5,3,3,4,5,5,5,5,5,4,4,4,2,2,2,3,3,8,4,5,4,2,0,0,0,0,0,0,0,0,0,0,0,0,0,0,1,0,0,0,0,0,0,0,0,0,0,0,0,0,0,0,0,0,0,1,0,0,1,0,1,0,4,3,2,4,2,3,3,3,3,4,3,4,4,2,1,0,2,3,0,2,1,1,1,2,0,2,1,2,1,0,1,2,2,2,1,1,8,2,,1,0,0,0,1,0,0,0,0,0,0,0,0,0,0,0,0,0
5,3,4,5,6,4,2,3,4,3,4,5,6,2,3,3,5,4,2,5,2,2,3,5,6,3,5,5,4,5,2,1,1,1,3,2,7,3,3,7,1,0,0,0,0,0,1,0,0,0,0,0,0,0,1,1,0,0,1,0,0,0,1,0,0,0,0,0,0,1,0,0,1,0,1,1,0,1,0,0,0,3,3,1,4,3,2,4,1,4,3,4,2,3,2,1,3,2,3,2,1,2,2,4,2,1,2,2,2,3,1,1,2,2,4,1,1,6,1,21976,1,0,1,0,1,0,0,0,1,1,0,0,0,0,0,1,0,0
6,2,4,1,1,4,5,4,3,3,3,1,5,3,2,2,7,7,5,7,7,3,5,7,7,7,7,7,7,7,7,7,5,3,2,2,8,4,2,2,1,0,0,1,0,0,1,0,0,1,0,1,0,1,1,0,1,1,0,0,0,1,1,1,0,1,1,0,1,0,0,0,1,1,1,1,1,1,0,1,1,5,5,4,5,5,5,5,3,5,4,4,2,3,0,0,2,1,3,3,2,1,1,2,3,0,4,3,1,2,2,1,2,2,2,1,1,6,1,22387,0,0,1,0,1,1,0,0,0,0,1,0,1,1,0,1,0,0
7,5,6,6,6,6,4,5,6,5,5,5,6,6,6,6,2,5,2,5,2,2,2,2,2,3,5,3,5,3,3,2,2,2,3,2,8,4,4,2,2,0,0,1,0,0,1,0,0,1,0,1,0,0,0,0,1,1,0,0,1,1,1,1,0,0,1,0,1,0,1,0,0,1,1,1,0,1,1,0,1,2,2,2,2,2,2,2,2,3,3,3,2,3,1,1,0,2,1,1,2,2,1,1,1,0,1,0,1,0,0,1,1,1,3,1,1,4,2,22339,0,0,0,0,0,0,0,0,0,0,0,0,0,0,0,0,0,0
8,3,4,4,3,5,4,3,3,2,5,4,2,2,3,2,6,6,4,6,4,4,5,3,6,5,6,5,5,6,6,3,2,6,3,5,6,2,3,2,1,1,0,1,0,0,1,1,0,1,0,1,0,1,1,0,1,1,0,0,1,1,1,1,0,1,0,1,1,0,1,0,1,1,1,1,1,1,1,0,1,5,5,2,5,4,4,4,5,2,5,3,5,5,0,1,1,3,3,3,3,3,2,1,2,1,3,4,3,2,3,3,2,2,2,1,1,5.1,2,21880,0,0,0,1,1,1,1,1,1,0,0,0,1,1,1,1,1,1
9,3,6,3,3,2,4,3,5,5,5,5,3,2,3,6,1,1,4,6,5,1,5,4,2,5,7,5,6,7,3,1,1,2,5,1,8,4,4,3,1,0,0,1,0,0,0,1,0,1,0,1,0,1,1,0,1,1,0,0,0,1,1,0,0,1,0,0,0,0,0,0,1,0,0,1,0,1,1,0,1,1,1,2,4,4,4,4,3,1,4,3,5,4,0,0,0,2,2,0,0,3,1,0,3,0,3,2,0,1,2,0,2,2,2,1,1,4,2,18280,0,0,0,0,0,0,0,1,0,0,1,0,1,0,0,0,0,0
10,6,6,5,2,6,2,3,4,5,5,5,4,2,4,6,5,6,5,5,3,2,3,3,6,5,2,5,5,3,2,1,5,3,1,1,8,3,3,3,1,0,0,1,1,0,1,0,1,1,0,1,0,0,1,0,0,1,1,0,0,1,1,0,0,1,1,0,0,0,0,0,1,0,0,1,0,1,0,1,1,4,2,2,4,2,2,4,2,3,3,2,4,4,3,1,1,3,3,2,2,2,1,2,2,1,2,1,2,3,2,2,2,2,5,1,1,2,1,5866,1,0,0,1,1,0,0,0,0,0,0,0,0,0,0,1,0,1
11,3,3,3,4,5,2,3,2,3,4,3,3,3,3,3,6,5,2,4,3,2,1,7,5,6,6,6,6,6,4,3,2,2,2,5,8,3,3,3,1,0,0,1,1,0,0,0,1,0,0,0,0,0,1,1,1,1,1,0,1,1,1,1,0,0,0,1,1,0,0,0,0,0,0,0,0,1,0,0,1,4,4,4,4,3,4,3,5,5,5,4,4,5,1,1,2,3,2,1,2,4,2,2,1,0,2,1,1,2,0,2,2,2,2,1,1,5.1,2,22264,0,0,1,1,0,0,0,1,1,0,0,0,0,0,0,1,0,1
12,5,2,2,2,4,5,4,4,4,2,3,3,4,3,2,5,6,2,5,7,7,7,7,7,7,7,7,7,7,7,6,7,7,5,7,8,3,2,1,1,1,0,1,0,0,0,0,0,1,1,1,1,1,1,0,1,1,0,0,1,1,1,1,0,1,0,1,1,1,1,0,1,1,1,1,1,1,0,1,0,4,4,4,4,5,4,4,2,4,4,4,5,5,2,1,3,3,3,1,2,2,1,2,3,1,2,1,2,3,3,4,2,2,1,1,1,1.5,1,22108,1,0,1,1,1,0,0,0,0,0,1,0,0,0,0,1,1,1
13,3,5,4,6,5,5,5,5,3,5,3,4,2,5,4,6,5,4,6,4,3,5,6,5,5,6,5,6,6,6,2,4,5,4,6,7,4,3,3,1,0,0,0,1,0,1,0,0,0,0,0,0,0,1,0,1,1,1,0,0,0,0,1,1,1,0,0,0,1,0,0,0,0,0,1,0,1,0,0,0,5,4,4,4,3,3,4,2,4,4,4,2,3,3,2,3,2,4,2,2,1,2,2,2,2,3,2,1,2,4,3,2,2,2,1,1,4.1,2,21886,1,1,1,0,1,0,0,0,1,0,0,1,1,0,0,1,1,1
14,5,4,3,3,6,4,3,3,3,3,3,4,2,3,3,7,7,7,7,7,6,6,7,7,7,7,7,7,7,7,5,5,5,6,6,6,3,3,5,1,0,0,0,0,0,0,0,0,1,0,0,1,0,0,0,0,1,0,0,0,0,1,0,0,0,1,1,0,0,0,0,1,0,0,1,0,1,0,0,0,5,5,4,5,5,5,4,3,4,4,4,4,4,1,2,2,4,1,2,1,2,2,3,2,1,1,3,1,2,1,1,2,2,3,1,1,8,2,22390,0,1,1,1,0,0,0,0,1,1,0,0,0,1,0,1,0,0
15,4,6,3,2,4,1,5,5,2,5,3,4,2,4,6,1,1,1,1,1,5,2,3,3,1,1,1,1,1,1,1,1,1,1,2,8,5,5,2,1,1,0,1,1,0,1,0,1,1,0,1,0,1,1,0,1,1,1,0,0,1,1,1,1,1,1,1,1,0,0,0,1,0,1,1,0,1,1,1,1,2,1,2,1,1,1,4,1,1,1,1,1,5,1,0,1,1,4,3,1,2,1,1,3,1,1,3,2,1,0,1,1,1,1,1,1,1.5,2,22018,0,0,0,0,1,1,0,0,0,0,1,0,0,1,0,0,0,0
16,5,5,4,4,4,3,5,5,5,5,4,5,5,5,5,5,5,3,5,3,3,3,5,5,5,5,5,5,5,5,3,3,5,5,3,8,3,3,3,1,1,0,0,0,0,0,0,0,1,0,0,1,1,0,0,1,1,1,0,0,1,1,0,0,1,1,1,1,0,1,0,1,1,0,1,0,1,0,1,0,4,4,2,2,2,2,2,2,3,4,3,2,4,1,1,1,2,3,2,2,3,1,1,2,1,2,1,1,1,1,1,2,2,1,1,1,6,2,20299,0,0,0,0,1,0,0,1,0,0,0,0,0,0,0,0,0,0
17,3,3,3,1,2,3,3,4,2,4,2,6,4,4,6,5,5,2,5,5,3,2,5,5,2,6,3,5,5,5,2,2,3,3,3,7,3,3,3,1,0,0,0,0,0,0,0,0,0,0,1,0,0,0,0,0,1,0,0,1,0,1,1,0,0,0,0,1,0,0,0,1,0,0,0,0,1,0,0,1,2,2,2,4,2,4,4,2,4,4,4,4,4,2,1,1,2,3,2,1,3,2,2,3,1,3,1,1,3,1,1,2,2,1,1,1,3,2,21877,1,0,0,0,1,0,0,1,1,0,1,0,1,0,0,1,0,0
18,3,5,6,4,5,5,5,3,3,4,6,6,3,5,4,6,6,3,5,2,2,1,2,5,5,6,3,5,5,2,1,2,2,1,6,10,4,4,2,1,0,0,1,1,0,1,0,0,0,0,1,0,0,0,0,1,1,0,0,1,1,0,1,0,0,1,0,1,0,0,0,0,1,0,1,0,0,0,0,0,4,2,3,4,1,2,3,3,4,4,4,4,5,1,2,3,4,3,1,2,3,2,2,2,0,2,2,1,0,1,2,2,2,1,2,1,4.4,2,22030,0,1,1,1,1,0,0,1,1,0,0,0,0,0,0,0,0,1
19,2,6,5,3,6,4,3,5,5,3,6,4,2,3,1,6,6,6,3,5,3,1,3,5,5,7,4,7,7,4,3,4,3,2,1,7,4,4,4,1,0,0,1,0,0,0,0,0,1,0,1,0,1,1,0,1,1,0,0,0,1,1,1,0,1,1,0,1,0,1,0,1,1,0,1,0,1,1,0,0,4,2,3,2,4,4,4,2,2,4,3,2,4,0,0,0,0,1,1,0,1,0,1,2,0,1,0,0,0,0,0,2,2,2,1,1,5,2,22009,0,0,0,0,0,0,0,0,0,0,0,0,0,0,0,0,0,0
20,2,3,3,2,2,3,3,3,2,3,3,2,2,3,3,5,6,4,5,2,2,2,2,3,2,2,2,2,2,2,2,3,2,2,2,7,4,2,2,1,0,0,1,1,0,1,1,1,0,0,1,1,1,1,0,1,1,1,0,1,1,0,1,0,1,0,0,1,1,1,0,0,1,1,1,0,1,1,0,1,2,2,2,2,2,2,2,2,2,3,2,3,3,2,1,1,2,1,2,2,2,2,2,1,2,3,2,2,3,1,1,1,1,3,1,1,2.7,2,22270,1,0,0,0,0,0,0,0,1,0,0,1,1,0,0,1,0,0
21,4,4,3,4,5,4,5,4,3,4,3,6,2,3,5,5,5,3,5,3,3,5,5,5,3,5,3,5,6,2,2,2,2,6,5,9,4,4,2,1,0,0,1,1,0,0,0,0,0,0,1,1,1,1,0,1,1,1,0,1,1,1,1,0,1,1,0,1,0,1,0,0,1,0,0,1,1,1,0,1,4,2,1,4,2,2,4,2,3,4,3,2,4,1,2,1,2,2,2,2,3,1,2,2,0,2,1,2,1,1,1,2,2,2,1,1,4.5,2,20038,0,1,0,0,0,0,0,1,0,0,0,0,0,0,0,0,0,0
22,5,4,4,3,4,2,3,3,4,3,4,6,4,4,5,3,5,3,2,1,1,2,5,3,2,2,3,3,2,1,1,1,1,5,2,7,4,3,3,1,0,0,1,1,0,1,0,1,1,1,1,1,1,1,1,1,1,1,0,0,1,1,1,0,1,0,1,1,0,1,0,1,0,1,0,0,1,1,0,1,2,1,1,2,2,2,4,2,1,3,3,4,4,1,1,1,2,4,2,2,3,1,0,2,0,4,3,2,1,1,1,2,2,4,1,1,2,2,22159,0,0,0,0,1,0,0,1,0,0,0,0,1,1,0,0,0,0
23,4,6,5,4,5,5,5,5,6,6,4,4,4,5,6,3,5,2,5,5,5,6,7,6,5,3,3,5,2,2,1,3,1,2,2,9,4,3,7,1,0,0,0,0,0,1,0,0,1,1,1,1,1,0,0,0,1,1,0,0,0,1,1,0,1,0,0,0,0,1,0,1,1,1,0,0,1,0,1,0,4,4,2,4,4,3,4,5,2,4,2,2,3,2,0,0,3,2,1,2,3,2,1,1,0,2,2,4,2,2,1,2,2,3,1,1,4,2,22153,1,0,0,1,0,0,0,1,1,0,0,0,0,0,1,1,0,0
24,3,5,5,5,5,5,4,3,5,4,3,5,2,3,5,2,5,3,4,2,5,5,5,6,4,6,6,6,6,5,1,2,2,3,1,9,5,3,3,1,0,0,1,0,0,0,1,0,1,0,1,1,0,0,0,1,1,0,0,0,1,1,1,0,0,0,0,1,0,0,0,1,1,0,1,1,1,1,1,1,1,1,1,2,3,4,5,1,1,3,2,5,4,1,0,0,1,4,2,1,2,2,1,3,1,4,4,2,2,1,1,2,2,1,1,1,5.1,1,22099,0,0,0,0,1,0,0,0,1,0,1,0,1,1,0,1,0,0
25,5,6,6,3,4,2,4,5,5,6,2,6,6,4,6,3,6,4,7,7,6,6,7,4,5,5,5,5,5,4,4,4,3,2,5,9,2,3,4,1,0,0,1,0,0,0,0,0,1,0,1,0,0,1,1,1,1,1,0,0,0,1,1,0,0,1,0,1,0,0,0,1,0,0,0,1,0,1,1,0,4,4,4,4,4,4,4,4,4,4,4,2,4,2,1,1,1,2,0,1,3,2,0,3,0,2,1,0,1,1,1,2,2,2,1,1,10.4,1,22306,1,0,0,0,0,0,0,1,1,0,1,0,0,0,0,0,0,0
26,3,5,3,3,2,3,4,3,3,3,3,4,3,4,5,2,2,2,2,2,2,3,2,3,2,2,2,2,5,2,2,2,2,2,2,5,2,3,10,1,1,0,1,1,0,1,1,0,1,1,1,0,1,1,0,1,1,1,1,1,1,1,1,1,1,1,1,1,0,1,0,0,0,0,1,1,0,0,0,1,2,1,1,2,2,2,4,2,2,2,4,2,3,3,2,1,3,3,2,2,3,2,1,2,1,3,2,1,2,1,1,1,1,4,1,1,2.6,2,13345,1,1,0,1,1,0,0,1,1,0,0,0,1,0,0,1,0,0
27,3,3,1,4,6,2,3,3,2,3,2,4,1,2,1,5,6,5,6,5,4,4,2,6,5,6,6,6,6,6,4,3,5,5,6,6,2,2,9,1,1,0,1,1,0,1,1,1,1,1,1,1,1,0,1,1,1,1,0,1,1,0,1,0,1,0,0,1,1,1,0,1,1,1,1,1,0,1,0,1,4,2,3,2,4,3,4,1,3,4,4,5,5,0,1,2,4,2,3,3,2,2,2,2,0,1,3,2,2,3,2,1,1,2,1,1,4.1,2,22348,0,0,1,1,0,1,1,0,1,0,0,0,0,1,0,1,1,1
28,5,6,6,3,5,4,5,5,4,4,5,6,4,5,6,5,6,2,4,2,2,5,1,4,3,3,2,3,4,3,1,2,2,3,2,8,4,1,1,1,0,0,1,0,0,0,0,0,0,0,1,0,0,0,0,1,1,0,0,1,0,1,1,0,1,0,1,0,0,0,0,1,0,0,1,0,1,0,0,1,2,2,1,3,4,2,4,1,2,4,3,2,4,1,0,1,2,2,1,1,2,1,1,2,0,1,0,1,2,1,2,1,1,2,1,1,3,1,22024,0,0,0,0,0,0,0,0,0,0,0,0,0,0,0,1,0,1
29,5,6,3,3,3,3,4,3,2,3,3,4,3,4,5,3,5,4,5,5,2,3,5,5,5,5,5,5,5,5,4,5,4,4,2,8,3,3,6,1,0,0,1,0,0,0,0,1,1,0,1,0,0,1,0,1,1,1,0,1,1,1,1,1,1,0,0,1,0,0,0,1,1,1,0,1,0,1,1,1,4,2,4,4,4,4,4,2,2,3,3,3,3,2,1,1,2,2,2,1,2,2,2,2,1,2,1,2,1,1,1,2,2,2,1,1,5.5,2,22255,1,0,0,0,0,0,0,0,1,0,0,0,0,0,0,0,0,0
30,5,6,2,3,3,1,3,3,2,3,3,4,4,3,3,5,6,2,4,2,2,3,5,2,5,5,3,5,5,2,2,2,2,5,5,7,4,3,5,1,0,0,1,1,0,1,1,1,1,0,1,1,0,1,1,1,1,1,1,1,1,1,1,1,1,1,0,1,1,1,1,1,1,1,1,1,1,1,1,1,4,2,2,3,4,3,4,2,2,3,3,3,4,3,3,3,3,4,1,2,4,4,4,2,1,1,2,2,2,1,1,1,1,3,1,1,4,2,,1,1,1,1,1,0,0,1,1,1,0,0,0,0,0,1,0,0
31,6,5,2,5,6,2,4,3,2,3,3,5,4,4,2,3,6,2,5,1,1,1,5,3,2,5,2,2,4,2,2,2,2,2,5,6,3,3,4,1,0,0,1,0,0,0,0,0,1,0,1,1,1,1,0,0,1,0,1,0,0,1,0,0,1,0,1,1,0,0,0,1,0,0,0,1,1,0,0,0,2,2,2,4,1,1,4,4,3,4,3,2,3,0,4,3,3,4,1,2,4,1,2,1,0,3,2,0,0,0,2,2,2,3,1,1,5,2,21571,0,1,1,1,1,0,0,1,0,0,0,0,1,0,0,0,0,1
32,4,6,2,2,4,5,3,3,3,4,4,5,1,3,3,7,6,6,7,7,7,7,6,7,7,7,7,7,7,7,6,7,7,7,7,6,2,2,6,1,1,0,0,0,0,1,0,0,1,1,1,1,1,1,0,1,1,1,1,0,0,1,0,1,1,1,0,0,0,1,0,1,1,1,0,1,1,1,0,1,5,5,5,5,5,5,5,5,5,5,5,3,4,2,0,1,4,4,2,2,4,2,3,2,1,3,2,1,0,1,2,2,2,1,1,1,6.1,1,22012,1,0,0,1,1,0,0,1,1,1,0,0,1,0,0,0,0,1
33,5,5,4,2,6,4,4,4,3,4,3,4,3,4,3,6,5,2,5,5,4,6,6,6,5,5,5,5,5,5,5,5,5,2,5,7,4,4,2,1,1,0,0,1,0,1,1,0,1,0,1,1,1,1,0,1,1,1,0,1,1,1,1,1,1,1,0,1,1,1,0,1,1,1,1,0,1,0,0,1,4,4,4,4,4,4,4,2,5,4,4,4,4,0,1,2,1,4,2,2,2,1,1,2,0,3,2,3,2,1,1,1,1,1,1,1,8.1,2,21964,0,0,1,0,1,0,0,0,0,0,0,0,1,0,1,1,0,0
34,5,5,5,3,5,5,6,6,5,6,3,6,3,4,6,2,5,3,5,5,2,5,2,6,3,6,6,5,5,4,3,3,3,3,1,7,4,4,1,1,1,0,1,0,0,1,1,0,1,0,1,1,0,0,0,1,1,1,0,1,0,1,1,1,1,1,1,1,1,1,0,1,1,1,1,1,1,1,0,1,2,1,3,4,3,4,4,2,3,4,3,2,2,2,1,2,2,3,3,2,2,1,1,1,1,1,0,1,0,0,1,1,1,2,1,1,2,1,22045,1,0,1,0,1,1,0,0,0,0,0,0,0,0,0,0,0,0
35,4,4,3,3,3,5,3,3,5,3,3,4,5,4,5,5,4,2,3,5,2,3,5,5,5,5,3,3,3,4,3,3,3,3,3,7,4,4,3,1,0,0,0,0,0,0,0,1,1,0,1,0,1,1,0,0,0,0,0,0,1,1,1,0,1,1,0,0,0,1,0,1,0,0,1,0,1,0,1,0,4,2,4,3,4,2,2,2,3,3,2,4,4,2,2,2,3,3,1,2,3,1,2,3,1,3,1,1,1,2,1,2,2,4,1,1,6.1,1,10516,1,1,1,1,1,0,0,1,0,0,1,0,1,0,0,0,0,0
36,3,3,3,2,4,2,3,4,4,2,2,5,3,2,2,5,6,6,6,3,3,3,5,7,3,4,5,5,5,2,2,3,2,1,2,8,5,4,1,1,1,0,1,0,0,0,0,0,1,0,1,1,1,1,0,1,1,0,0,1,1,1,1,0,1,0,0,1,0,1,0,0,1,0,1,1,1,1,0,0,4,3,2,4,3,4,4,2,4,3,3,4,4,1,1,1,4,3,0,3,4,3,1,2,1,2,1,1,4,1,0,2,2,1,1,1,6,2,22198,0,0,0,1,1,0,1,1,1,0,0,0,0,0,0,1,0,0
37,2,3,4,3,4,2,2,3,4,2,4,3,5,3,6,3,3,1,1,1,1,2,3,4,3,5,4,5,3,3,1,1,1,6,1,3,3,4,9,2,0,0,1,0,0,0,0,0,0,0,1,0,0,0,0,1,1,1,0,1,1,1,1,1,1,0,0,1,0,1,0,1,1,0,1,1,1,1,0,0,2,2,2,2,2,4,4,1,1,4,2,2,2,1,1,1,1,2,1,3,2,2,2,2,2,3,2,1,0,2,1,2,2,4,1,1,3.8,2,18184,0,0,0,0,0,0,1,0,1,0,0,1,1,0,0,0,0,0
38,2,6,5,5,2,4,5,5,5,6,6,6,2,6,5,3,2,2,3,5,1,2,6,4,2,3,3,3,3,3,1,1,1,5,1,7,2,2,10,2,0,0,1,1,0,1,0,0,0,0,1,0,0,0,0,1,1,0,0,0,0,1,0,0,1,0,0,0,0,0,0,0,0,0,0,0,1,1,0,0,2,2,1,4,2,2,2,2,1,4,3,4,4,1,1,0,2,1,1,1,1,1,1,1,1,1,1,0,1,0,1,2,2,3,1,1,3.5,1,,0,0,0,0,0,0,0,0,0,0,0,0,0,0,0,0,0,0
39,5,6,5,5,5,3,5,5,5,5,3,4,5,5,5,5,5,2,3,6,6,3,5,6,3,3,3,3,3,3,3,3,2,2,2,7,4,4,2,1,0,0,1,0,0,1,0,0,1,0,1,0,1,0,0,1,1,1,0,0,1,0,1,0,1,0,0,0,0,1,0,0,1,0,1,1,0,0,1,1,4,4,2,4,4,2,4,2,3,4,3,4,4,1,1,1,2,2,2,1,2,1,1,2,1,1,1,1,2,1,1,2,2,3,1,1,5.1,1,18772,0,0,0,0,0,0,0,0,0,0,0,0,0,0,0,1,0,0
40,3,3,5,3,4,1,3,4,2,2,3,5,4,4,5,5,3,2,1,1,1,3,2,5,2,2,3,3,3,3,3,5,5,3,4,9,4,5,1,1,1,0,0,0,0,1,0,0,1,1,1,1,1,1,1,1,1,0,1,1,1,1,0,1,1,1,1,1,1,1,0,1,1,1,1,1,1,0,0,1,4,2,3,4,2,4,4,2,3,3,3,2,4,1,2,1,2,2,2,1,2,1,1,2,0,1,0,1,0,0,2,1,1,1,1,2,,2,21895,0,1,0,0,0,0,0,0,0,0,0,0,0,0,0,0,0,1
41,4,5,4,2,5,3,4,4,2,3,4,1,4,5,5,3,3,5,3,6,6,6,2,2,5,5,5,5,5,5,5,5,5,5,5,6,4,4,1,2,1,0,0,0,0,1,1,0,1,0,1,0,1,1,0,1,0,0,0,0,0,1,1,1,1,0,0,1,0,1,0,1,0,1,1,1,0,1,0,0,4,2,1,4,3,3,3,3,3,3,3,3,3,1,1,1,1,1,1,1,1,1,1,2,0,1,2,1,1,1,1,2,2,5,1,1,2,1,18334,0,0,0,0,0,0,0,0,0,0,0,0,0,0,0,0,0,0
42,5,5,5,3,4,3,2,2,2,4,2,5,4,3,3,6,7,6,6,4,5,3,6,6,7,7,7,7,5,5,2,2,3,7,4,6,3,3,6,1,0,0,1,0,0,1,1,1,1,1,1,0,1,1,0,1,1,0,0,1,1,0,1,0,1,1,0,1,1,1,1,1,1,1,0,0,1,0,1,1,4,4,3,2,3,1,4,4,2,4,4,3,3,0,0,0,0,2,0,0,0,1,0,2,0,1,0,0,0,0,1,2,2,3,1,1,4,2,21889,0,0,0,0,0,0,0,0,0,0,0,0,0,0,0,0,0,0
43,3,6,4,3,5,3,3,5,4,5,3,5,3,3,2,5,6,6,5,6,6,6,6,6,7,7,6,6,7,7,5,5,6,7,5,8,4,3,7,1,0,0,1,0,0,0,0,0,0,0,0,0,0,1,0,1,1,1,0,1,1,1,1,0,1,1,0,1,0,0,0,1,0,0,1,0,1,0,0,1,4,4,2,4,4,4,4,2,4,4,4,2,4,2,1,1,1,3,3,2,2,1,1,3,0,3,2,1,1,1,1,2,2,2,1,1,4,2,22246,1,0,0,0,1,1,0,0,0,0,1,0,1,0,0,0,0,0
44,3,6,5,4,4,5,3,5,5,3,5,6,3,3,4,2,3,4,5,4,2,3,2,3,2,2,3,2,4,2,2,2,2,3,3,7,3,2,6,2,0,0,0,0,0,1,1,0,0,0,0,1,1,0,1,0,0,0,0,1,0,1,1,0,1,0,0,0,0,0,0,1,1,1,1,0,0,0,0,0,1,1,3,4,3,2,4,1,2,4,3,4,4,1,1,0,2,2,1,1,2,1,0,3,0,2,3,0,1,0,2,2,2,5,1,1,2,2,16387,0,0,0,0,0,0,0,0,0,0,1,0,0,1,0,0,0,1
45,3,5,5,2,5,1,2,2,2,2,3,3,4,4,3,5,6,5,5,3,3,3,5,5,6,6,6,6,5,6,3,3,3,5,3,8,3,4,4,1,0,0,1,0,0,0,1,0,1,0,0,1,1,0,1,0,0,0,0,0,0,1,1,0,0,0,1,0,0,0,0,1,1,1,1,1,1,0,0,0,2,2,4,2,2,2,4,2,2,4,3,2,4,1,1,0,1,3,1,1,2,1,1,2,1,2,2,1,2,1,1,2,2,5,1,1,3,2,10465,0,0,0,0,1,0,0,0,0,0,0,0,0,0,0,1,0,0
46,4,6,4,4,4,5,4,4,3,4,5,5,3,3,5,2,2,2,2,4,2,5,5,5,2,2,3,3,3,3,2,2,2,3,5,7,4,3,4,1,0,0,1,0,0,1,0,0,0,0,1,0,0,0,0,0,0,1,0,0,0,0,0,0,0,0,1,0,0,0,0,0,0,0,0,0,0,0,0,0,3,2,2,4,4,2,3,2,2,3,3,2,4,1,2,1,3,3,3,1,2,1,0,3,1,2,1,2,0,1,1,2,2,2,1,1,3,2,22381,0,1,0,1,1,1,0,0,0,0,1,0,0,0,0,0,0,0
47,3,6,3,3,3,1,6,4,2,3,5,6,4,5,6,4,7,4,3,2,1,1,4,3,4,3,5,3,3,2,1,1,1,1,1,7,4,4,5,1,0,0,1,1,0,1,1,0,1,1,1,1,1,1,0,1,1,1,0,1,1,0,1,1,1,0,0,1,1,1,1,0,1,1,0,0,1,1,0,1,1,1,1,1,2,2,2,1,3,3,2,1,1,1,1,1,2,4,2,1,2,2,1,2,2,1,2,2,1,2,1,1,1,3,1,1,2.5,2,18658,0,0,0,0,1,0,0,0,1,0,0,1,0,0,0,0,0,0
48,2,2,2,4,3,1,3,2,2,3,2,4,2,3,5,6,5,4,5,3,3,5,7,5,6,6,6,6,5,5,4,3,4,2,1,5,2,1,10,1,1,0,1,0,1,0,1,0,1,1,1,0,1,0,1,1,1,1,0,1,1,1,1,1,1,1,1,1,1,1,0,1,1,1,1,1,1,1,1,1,3,2,2,4,3,4,4,2,3,4,3,4,5,3,1,2,3,3,3,2,3,3,4,3,1,3,2,3,3,2,2,2,2,1,1,1,6.8,1,22084,1,0,1,1,1,1,0,1,1,1,1,0,1,0,1,1,0,1
49,2,5,2,2,3,1,5,5,3,3,2,5,2,2,4,4,6,3,5,5,5,6,2,6,6,6,6,6,6,6,2,1,1,3,5,7,3,2,5,1,1,0,0,0,0,1,0,0,0,1,0,0,1,0,0,1,1,0,0,0,1,1,0,1,1,1,1,0,0,1,0,0,0,0,0,0,0,0,0,0,3,4,4,4,4,3,4,4,1,4,3,5,5,3,2,1,4,4,2,2,4,2,3,4,0,1,1,2,2,2,2,2,2,2,1,1,4.4,1,19885,1,1,0,1,1,0,0,1,1,1,1,0,0,0,0,1,0,1
50,3,3,2,2,4,3,4,4,3,3,3,6,1,3,5,3,5,3,5,5,5,6,6,6,6,6,6,6,6,6,2,4,3,6,5,8,3,4,3,2,0,0,0,1,0,1,1,1,1,1,0,0,1,1,0,0,0,1,1,0,1,1,0,0,0,1,0,0,0,0,0,1,0,1,0,1,0,0,0,0,3,2,2,4,4,2,4,4,2,5,3,4,4,2,2,0,1,4,2,2,2,2,1,1,0,3,2,1,0,0,1,2,2,5,1,1,2.5,2,9775,1,1,0,0,1,0,0,0,1,0,0,0,1,0,0,0,0,0
51,6,6,3,3,5,3,5,5,5,5,5,3,3,3,2,5,5,4,5,5,2,6,6,4,4,5,3,3,3,5,2,2,2,2,2,7,3,3,9,1,0,0,1,0,0,0,0,0,1,0,0,1,0,1,0,1,1,1,0,0,0,1,0,0,0,1,1,0,0,1,0,1,0,0,1,0,1,1,1,1,4,3,4,4,4,4,4,2,3,4,4,4,4,1,0,0,1,3,1,1,2,1,1,3,0,2,0,0,0,0,0,2,2,2,1,1,8.1,1,17761,0,0,0,0,1,0,0,0,0,0,1,0,0,0,0,0,0,0
52,3,4,5,4,5,2,4,5,2,4,2,2,4,3,4,5,5,3,6,3,3,4,4,6,5,6,6,7,7,5,3,4,4,3,5,8,4,3,3,1,0,0,0,0,0,1,0,1,1,0,1,0,1,1,0,1,1,1,0,0,0,1,1,0,1,0,1,1,0,1,0,1,0,1,1,1,1,0,1,0,3,2,4,2,3,3,4,4,3,4,4,5,5,3,2,1,3,4,1,2,2,1,4,2,0,2,3,1,1,3,1,2,2,3,1,1,5,1,18271,1,1,0,1,1,0,0,0,0,1,0,0,0,1,0,0,1,0
53,4,5,4,3,5,3,4,3,2,4,3,3,3,3,5,3,6,4,7,5,2,5,3,7,7,7,5,7,5,5,2,4,3,2,4,7,4,4,2,1,0,0,1,0,0,0,0,0,1,1,1,1,1,0,0,1,1,0,0,0,1,1,1,0,1,0,0,1,0,0,0,1,1,1,1,0,0,1,1,0,5,5,4,5,4,5,5,3,4,4,4,3,3,1,2,0,2,2,1,2,3,1,1,2,0,1,1,1,1,1,2,2,2,2,1,1,7,2,21934,0,1,0,0,0,0,0,1,0,0,0,0,0,0,0,0,0,1
54,5,3,4,1,5,1,3,4,5,3,3,6,3,2,6,6,6,5,7,7,6,6,6,6,6,7,6,7,7,6,6,6,7,7,6,6.5,3,2,3,1,1,0,0,1,0,0,1,0,1,0,1,0,1,0,0,1,1,0,0,1,1,1,1,1,1,0,0,0,0,0,0,1,1,0,0,0,1,1,0,1,4,4,4,4,4,4,4,2,4,2,3,4,5,1,2,2,2,3,2,2,4,2,3,3,0,2,0,1,2,1,2,1,1,6,5,1,7,2,15544,0,1,1,0,1,0,0,1,1,1,1,0,0,0,0,1,0,1
55,3,3,3,1,5,1,2,2,1,3,3,3,2,3,6,5,7,7,2,6,7,7,7,7,7,7,7,7,7,5,2,6,6,7,3,6,4,2,2,1,1,1,1,0,0,0,1,0,1,1,1,0,1,1,0,1,1,0,0,0,1,1,1,0,1,1,1,0,1,1,0,1,1,0,1,1,1,1,0,0,4,4,3,5,5,5,4,3,4,4,4,2,4,2,1,0,2,2,1,2,4,1,1,3,0,0,0,4,3,3,2,2,2,3,1,1,1.9,1,22297,1,0,0,0,0,0,0,1,0,0,1,0,0,0,1,1,1,1
56,3,3,2,3,2,5,4,3,4,2,2,1,2,2,3,6,6,5,7,5,3,5,6,7,3,5,5,3,5,5,3,2,2,3,3,7.5,4,4,2,1,0,0,1,1,0,0,0,0,0,0,1,0,0,0,0,1,1,0,0,1,1,0,1,1,1,0,0,1,0,0,0,0,0,0,0,0,1,1,0,1,4,4,2,4,4,5,5,2,3,4,4,5,5,1,2,3,3,1,1,3,3,3,3,2,1,2,1,3,1,1,2,2,2,3,1,1,3,2,21913,0,1,1,1,0,0,1,1,1,1,0,0,0,0,1,0,0,1
57,2,3,3,4,3,1,3,5,3,3,3,3,3,3,4,3,6,2,6,3,1,1,1,2,5,5,5,5,6,2,1,1,1,5,1,6.5,4,4,4,2,0,0,1,0,0,1,0,1,1,1,1,0,0,1,0,1,1,1,1,1,1,1,1,0,1,0,1,1,0,1,0,0,1,0,0,0,1,1,0,1,4,2,1,3,2,4,5,1,1,1,1,1,5,3,3,2,3,3,2,2,3,2,3,4,1,3,3,2,2,2,1,1,1,1,5,1,2.5,2,21940,1,1,1,1,1,0,0,1,1,1,1,0,1,1,0,1,0,0
58,6,5,5,6,6,4,4,5,6,6,5,6,6,6,6,3,5,1,5,1,1,4,5,6,2,4,1,1,4,4,4,3,3,2,2,7,3,4,5,1,1,0,1,1,0,0,0,0,1,1,1,1,1,0,0,0,1,1,0,0,1,1,1,0,1,0,1,0,0,1,0,1,1,1,1,1,1,0,1,0,2,2,3,2,3,4,4,3,2,4,4,4,4,0,2,2,4,3,1,2,2,1,2,2,1,3,1,1,2,1,1,2,2,4,1,1,5.1,2,10258,0,1,1,1,1,0,0,0,0,0,0,0,1,0,0,1,0,0
59,4,2,1,2,3,1,1,2,3,4,2,3,1,5,6,5,6,3,7,2,1,2,6,2,2,2,3,2,5,2,5,5,2,3,1,7,2,4,1,1,0,0,1,0,1,1,0,1,1,0,1,1,0,0,1,1,0,1,1,0,1,1,0,1,0,1,1,0,0,1,0,1,0,1,0,0,1,0,1,0,2,1,4,2,5,4,5,1,3,2,2,1,1,4,3,4,3,4,3,4,4,3,4,3,1,4,2,1,2,2,1,1,1,3,1,1,5,2,20869,1,1,1,1,1,1,1,1,1,1,1,0,1,0,0,1,0,0
60,4,6,4,4,4,2,4,4,4,5,3,6,1,4,6,5,6,2,5,2,1,1,2,5,3,4,3,5,3,3,2,2,2,1,5,6.75,4,3,2,1,1,0,1,0,0,1,0,1,1,0,1,0,1,0,0,1,1,1,0,1,1,1,1,1,1,0,1,1,0,0,1,1,1,1,1,1,1,1,0,1,2,4,4,4,3,2,4,2,4,4,3,5,5,1,2,0,3,4,4,2,3,1,1,2,2,4,3,4,0,0,1,1,1,2,1,1,4.5,2,21904,0,1,0,1,1,1,0,1,0,0,0,1,1,1,1,0,0,0
61,3,3,1,1,5,4,3,2,1,1,1,1,1,2,1,6,6,7,6,5,1,2,6,6,5,5,6,6,5,2,2,5,7,7,7,8,2,3,5,1,0,1,0,1,1,1,1,0,1,1,1,1,1,1,0,0,0,0,1,1,1,1,1,1,1,1,1,1,1,1,0,1,1,0,1,1,1,1,0,1,2,2,2,2,2,1,4,2,4,4,4,5,5,2,3,0,4,3,1,4,4,4,3,2,0,3,2,4,4,3,4,2,2,2,1,1,12.1,2,22300,1,1,0,1,1,0,1,1,1,1,0,0,1,0,1,1,1,1
62,3,3,2,2,2,2,2,2,2,2,2,4,2,2,2,5,5,5,5,5,3,4,5,6,5,5,5,5,5,5,5,5,5,5,5,7,4,4,1,1,0,1,1,0,1,1,1,1,1,0,1,1,1,1,0,1,1,1,0,0,1,1,1,1,1,1,1,1,0,1,0,1,0,1,1,1,1,0,0,0,4,3,4,3,4,4,4,4,2,4,3,4,4,1,3,2,3,4,4,3,3,3,3,4,1,3,3,1,3,1,2,2,2,4,1,1,3,2,22237,0,1,1,1,1,1,1,1,1,1,1,0,1,1,0,1,0,1
63,2,1,4,5,5,2,4,4,3,2,3,3,1,4,1,6,7,5,7,5,2,5,3,7,6,7,6,5,7,4,3,3,3,3,3,7,4,4,3,1,0,0,1,0,0,1,0,0,1,0,0,0,1,1,0,1,0,0,0,1,0,0,0,0,1,0,0,0,0,1,0,1,0,1,0,1,0,0,0,0,4,4,1,3,2,5,4,2,4,4,3,5,5,1,0,3,4,1,0,2,4,2,4,3,1,1,4,1,1,0,1,2,2,3,1,1,13.9,2,20797,0,0,1,1,0,0,0,1,1,1,1,0,0,1,0,0,0,0
64,3,3,3,3,3,3,4,3,3,2,3,3,2,2,4,4,4,4,4,4,4,4,4,4,4,4,4,4,4,4,4,4,4,4,4,7,4,2,4,1,1,0,1,0,0,1,0,0,1,0,0,0,1,1,0,1,0,0,0,0,1,1,1,0,1,0,0,1,1,1,0,1,0,1,1,1,0,1,0,0,3,3,3,3,3,3,3,3,3,3,3,3,3,2,2,2,2,2,2,2,2,2,2,2,2,2,2,2,2,2,1,2,2,4,1,1,4,2,17992,1,1,1,0,0,0,0,0,1,0,0,1,0,0,0,1,0,0
65,2,6,3,2,1,3,3,2,2,2,2,6,2,2,3,7,6,7,6,7,7,7,7,7,7,7,7,7,7,7,7,7,7,7,7,6,3,2,6,1,0,0,0,0,0,0,0,0,0,0,0,1,1,1,0,0,1,1,0,0,1,1,0,0,0,0,0,1,1,1,0,1,1,0,1,0,1,0,0,0,5,5,4,5,5,5,5,5,5,5,5,5,5,1,0,1,1,2,1,2,2,1,2,3,1,2,4,1,0,0,0,2,2,4,1,1,6.4,1,22405,0,0,0,0,0,0,0,0,0,0,1,0,0,1,0,0,0,0
66,3,4,5,6,5,1,3,4,5,5,2,6,3,3,6,2,6,3,5,4,2,2,2,2,3,7,3,5,3,2,2,2,2,5,4,6,2,1,13,1,1,0,1,0,0,0,0,1,0,0,1,0,0,1,0,1,1,0,0,1,1,1,1,0,1,1,1,1,0,0,0,0,0,0,1,0,1,1,0,1,3,2,2,3,3,3,4,1,2,2,4,3,3,2,2,4,3,3,1,3,3,1,1,2,2,2,2,1,0,1,1,2,2,2,7,1,21.7,2,22060,1,1,1,1,1,0,1,1,0,0,0,1,0,0,0,0,0,0
67,3,5,3,5,6,5,4,6,3,3,6,6,2,5,6,6,5,5,5,1,2,4,4,5,1,3,5,1,5,1,1,1,1,3,1,9,3,4,3,2,1,1,1,0,0,1,1,0,1,1,1,1,1,0,0,0,0,0,1,0,0,1,0,0,1,1,1,0,1,1,0,1,0,0,0,1,1,0,1,1,3,4,1,2,1,2,2,1,3,5,3,4,4,3,4,0,1,2,3,1,2,1,0,4,0,2,2,1,0,2,2,2,2,1,1,1,4.9,2,20077,1,1,0,0,0,1,0,0,0,0,1,0,0,0,0,0,0,1
68,4,6,5,3,2,2,2,3,3,2,4,3,4,3,3,2,3,1,2,1,2,1,2,1,2,2,2,2,3,2,1,1,1,1,1,6,2,4,4,2,0,0,0,0,0,1,0,0,0,0,1,0,0,1,0,1,1,1,0,1,0,1,0,0,1,0,1,1,0,0,0,0,1,0,0,0,1,0,0,1,1,1,1,2,1,1,2,1,1,3,1,1,1,2,0,1,2,4,2,1,1,2,1,4,0,3,2,3,2,1,1,2,2,2,1,1,3,1,18265,1,0,0,0,1,0,0,0,1,0,1,0,1,0,1,1,0,0
69,3,5,4,1,2,6,2,2,1,1,2,1,3,2,1,5,6,6,6,3,2,3,7,5,3,7,5,5,6,5,2,1,1,3,2,5,2,3,7,1,0,0,1,0,0,1,1,0,1,0,1,1,0,1,0,1,1,1,0,1,0,1,1,0,1,0,0,0,1,0,0,1,1,0,1,0,1,1,0,1,4,2,2,3,2,3,4,2,2,3,4,4,4,4,2,0,3,4,2,2,3,1,0,4,1,3,2,1,0,1,1,2,2,2,1,1,5.7,1,20251,1,1,0,1,1,0,0,1,0,0,1,0,1,0,0,0,0,0
70,5,5,5,3,5,2,4,4,4,3,4,3,3,5,2,5,5,4,6,4,5,4,3,6,4,5,5,5,6,4,3,3,4,3,3,7,3,3,3,1,0,0,1,1,0,1,1,0,1,0,1,1,1,0,0,1,1,1,0,1,0,1,1,0,1,1,0,0,1,1,0,1,0,0,1,1,1,0,0,1,4,4,3,3,2,3,2,3,4,4,4,2,2,1,1,0,1,3,2,1,2,2,2,1,1,2,1,2,3,1,1,2,2,2,1,1,5.1,1,22351,0,0,0,0,1,0,0,0,1,0,0,0,0,0,0,1,0,0
71,4,4,4,3,5,4,3,3,3,3,3,4,2,3,3,2,5,3,5,3,2,3,4,5,3,5,3,4,3,3,2,1,2,3,3,8,3,3,3,2,0,0,1,1,0,1,0,1,0,1,1,1,0,1,1,1,1,1,0,1,1,1,1,0,1,0,0,1,0,0,0,1,0,1,1,0,1,1,0,1,3,3,2,2,2,2,4,4,1,4,2,4,4,2,2,1,2,3,3,1,2,2,2,3,1,3,3,2,2,2,2,2,2,1,1,1,3.9,2,22186,1,1,0,0,1,1,0,0,1,0,1,0,1,1,0,1,0,1
72,4,2,3,2,5,5,5,5,2,3,2,4,3,3,2,4,6,3,6,6,4,6,5,5,6,6,6,6,6,6,6,6,6,6,6,8,4,3,3,1,0,0,1,0,0,1,0,0,1,0,1,0,1,1,0,1,1,0,0,0,1,1,0,1,1,0,0,1,1,1,0,1,0,1,1,1,1,1,0,1,4,4,3,3,4,4,4,4,3,4,4,3,2,1,1,2,2,3,2,2,3,1,2,2,1,2,2,1,1,1,1,2,2,3,1,1,5.4,2,17968,0,0,1,0,1,0,0,1,0,0,0,0,0,0,0,0,0,0
73,4,6,5,4,5,2,2,2,4,4,2,2,1,2,1,5,6,3,5,7,1,3,5,6,6,7,6,6,7,5,3,2,3,5,5,6,4,2,3,2,0,1,1,0,0,0,0,0,0,0,1,0,0,1,0,1,1,0,0,1,1,0,1,0,1,0,0,1,1,0,0,1,0,0,1,0,0,0,0,1,4,2,4,5,5,2,3,2,2,2,4,1,1,2,1,2,3,3,2,1,2,1,0,2,0,1,2,1,0,0,0,1,1,2,1,1,6,2,21916,1,0,1,1,1,0,0,0,0,0,0,0,0,0,0,0,0,0
74,6,5,4,5,5,3,4,4,4,3,2,6,1,5,3,4,6,2,5,1,1,6,3,3,4,5,3,3,7,3,1,1,1,2,2,7,3,2,3,1,0,0,1,1,0,1,0,0,1,0,1,0,1,1,0,1,1,0,0,0,0,1,1,0,1,0,0,1,0,0,0,1,0,0,0,0,1,1,0,0,4,2,2,1,3,2,5,1,2,3,3,2,4,3,2,2,4,1,1,2,3,1,1,2,0,2,3,2,2,1,2,2,2,3,1,1,7.5,1,22354,1,1,1,1,0,0,0,1,0,0,0,0,0,1,0,1,0,1
75,3,4,3,2,2,2,2,3,2,2,4,1,3,2,3,6,7,6,6,6,3,6,6,6,6,6,6,6,6,6,3,3,3,6,3,6,3,3,5,1,0,0,1,0,0,1,0,1,1,0,1,0,1,1,1,1,1,0,0,0,0,1,1,0,1,0,0,1,1,0,0,1,0,1,1,0,1,0,0,1,4,4,4,4,2,4,4,2,3,4,3,3,3,2,1,1,1,3,1,1,2,2,2,1,1,2,2,1,2,3,3,2,2,1,1,1,5.8,1,21943,1,0,0,0,1,0,0,0,1,0,0,0,0,0,0,1,1,1
76,6,6,6,5,6,2,6,6,3,6,6,6,1,6,6,5,5,5,5,5,3,1,5,5,5,5,5,5,5,5,2,2,2,5,1,10,4,5,3,1,0,0,0,0,0,1,0,1,0,0,0,0,0,0,0,0,1,0,0,0,0,1,0,0,0,0,0,0,0,0,0,1,1,0,0,0,1,0,1,0,3,2,3,5,4,3,5,5,2,5,3,4,4,1,0,0,1,1,1,0,2,0,0,2,1,1,0,0,0,0,1,2,2,5,1,1,3.9,1,19279,0,0,0,0,0,0,0,0,0,0,0,0,0,0,0,0,0,0
77,4,5,5,3,3,4,3,4,5,4,6,5,2,3,2,5,6,2,6,3,1,2,5,5,2,3,3,3,6,2,2,1,1,6,1,7,3,3,3,1,0,0,0,0,0,1,0,0,1,0,0,0,0,1,0,0,1,0,0,0,0,1,0,0,0,0,0,0,0,0,0,1,0,0,1,0,1,0,1,1,2,2,2,4,2,2,4,1,4,4,4,5,5,1,2,1,3,2,1,1,3,1,2,2,0,2,2,1,1,1,1,2,2,3,1,1,3,2,19861,0,1,0,1,0,0,0,1,0,0,0,0,0,0,0,0,0,0
78,5,5,4,2,5,1,3,3,3,4,3,5,3,3,5,5,6,5,5,3,5,5,5,3,5,6,3,6,3,6,1,1,1,5,2,7,3,3,1,1,0,0,1,0,0,0,0,0,0,0,0,0,0,0,0,1,1,0,0,1,1,1,1,0,1,1,0,0,1,0,0,1,0,1,1,1,0,0,1,1,2,2,2,2,2,2,4,2,2,2,2,2,2,1,1,2,3,1,1,2,2,2,2,2,1,2,0,1,0,1,1,2,2,1,1,1,3.9,1,22417,0,0,1,1,0,0,0,0,1,0,0,0,0,0,0,0,0,0
79,2,4,5,3,4,3,3,3,2,3,3,4,1,2,4,6,6,4,4,5,5,2,5,3,6,6,5,5,5,3,2,1,2,6,5,6,5,4,2,1,0,0,1,0,0,1,0,1,0,0,1,0,0,1,1,1,1,1,0,0,1,1,1,0,1,0,0,1,0,0,0,1,1,1,0,0,1,0,1,1,2,2,2,4,2,2,4,2,1,3,3,4,4,2,1,2,3,3,3,2,3,1,2,3,1,2,1,2,2,1,1,2,2,1,1,1,4,2,21871,1,0,1,1,1,1,0,1,0,0,1,0,0,0,0,1,0,0
80,3,5,3,4,5,5,5,5,5,4,3,3,4,4,2,2,3,3,3,4,3,5,5,3,5,5,5,5,5,5,3,3,3,3,2,7,3,3,4,1,0,0,1,1,0,1,0,1,1,0,1,0,1,1,0,1,1,0,0,0,0,1,0,0,1,1,0,0,0,0,0,0,0,0,0,1,1,1,1,1,2,2,2,2,3,2,3,1,4,4,2,4,4,2,2,1,3,3,3,2,3,2,3,2,1,2,1,2,1,1,1,2,2,2,1,1,8,1,21883,1,1,0,1,1,1,0,1,1,1,0,0,0,0,0,0,0,0
81,3,4,3,1,5,2,3,4,5,3,3,3,5,3,6,5,6,6,7,1,1,7,2,5,6,6,6,6,6,1,1,1,1,1,1,8,4,4,1,1,0,1,0,0,0,1,0,0,0,0,0,0,0,1,1,1,1,1,0,1,1,0,0,0,0,0,0,1,1,0,0,1,1,1,1,0,0,0,1,0,4,4,4,4,1,5,5,2,2,4,4,5,5,2,0,0,2,3,3,2,3,1,0,0,0,3,2,0,1,0,1,1,1,5,1,1,1.9,1,12241,1,0,0,0,1,1,0,1,0,0,0,0,1,0,0,0,0,0
82,5,6,2,2,6,5,2,4,2,4,2,6,3,4,6,2,6,1,5,3,2,2,1,1,5,6,4,6,3,4,1,1,1,1,1,7,3,3,4,2,0,0,0,0,0,1,0,1,1,0,0,0,0,1,0,1,1,1,0,0,1,1,1,0,1,0,0,1,0,0,0,0,0,0,0,0,1,0,0,1,2,1,2,1,2,3,4,1,1,1,3,4,5,1,1,2,1,3,2,1,2,2,1,1,1,2,0,0,0,0,1,2,2,9,1,1,2.5,2,15721,0,0,1,0,1,0,0,0,1,0,0,0,0,0,0,0,0,0
83,3,6,4,3,6,1,5,4,5,4,4,4,4,5,6,6,7,6,7,7,4,5,6,7,6,6,6,6,6,5,3,2,4,2,2,8,4,3,3,1,0,0,1,1,0,0,0,0,1,0,1,1,1,0,1,0,1,0,0,1,0,1,0,0,1,0,0,0,0,1,0,1,1,0,1,1,0,0,1,1,5,5,4,5,3,4,5,4,2,5,2,5,5,0,1,0,2,4,3,1,2,1,0,3,1,3,1,2,2,2,1,1,1,4,1,1,7.6,2,22321,0,0,0,0,1,1,0,0,0,0,1,0,1,0,0,1,0,0
84,3,5,3,2,4,5,4,4,2,3,4,4,2,3,3,6,5,4,3,3,2,4,5,3,4,5,2,3,5,4,2,1,4,1,1,6,3,3,7,1,1,0,1,1,0,0,0,1,1,1,1,0,1,0,0,1,1,1,0,1,1,1,0,0,1,1,1,1,0,1,0,0,0,0,0,1,1,1,0,1,4,3,3,4,2,2,3,2,3,4,4,2,4,2,1,0,2,2,2,2,2,2,1,2,0,2,3,2,3,3,3,2,2,1,1,1,4.9,1,20008,1,0,0,0,0,0,0,0,1,0,0,0,0,1,0,1,1,1
85,2,2,3,5,5,1,2,2,3,2,1,2,1,1,1,3,5,3,5,6,5,2,5,3,5,5,3,3,5,2,1,3,1,1,1,7,4,1,2,1,1,0,1,0,0,1,0,0,1,1,1,0,1,0,0,1,1,1,0,0,1,1,0,1,1,1,1,1,1,1,0,0,1,0,1,1,1,1,0,1,2,2,2,2,4,2,5,2,2,5,4,5,4,1,0,4,3,4,1,1,3,4,4,4,2,3,3,4,4,4,3,2,2,3,1,1,4.1,2,16717,0,0,1,1,1,0,0,1,1,1,1,1,1,1,1,1,1,1
86,4,4,3,3,2,4,3,5,4,3,3,2,2,3,5,6,6,5,5,4,5,4,5,5,5,5,5,5,5,4,3,3,3,5,4,7,4,2,2,1,0,0,0,0,0,0,0,0,0,0,1,0,0,0,0,1,1,0,0,1,1,1,1,0,0,0,0,0,0,0,0,1,0,0,1,1,1,0,0,1,3,2,4,3,2,2,4,1,4,3,3,3,2,1,2,1,2,3,3,1,2,2,1,1,0,2,2,1,2,1,0,2,2,5,1,1,6,2,22150,0,1,0,0,1,1,0,0,1,0,0,0,0,0,0,1,0,0
87,4,5,2,2,3,3,3,2,2,3,3,3,2,3,4,5,6,5,6,6,5,6,6,6,6,7,6,6,7,6,5,5,5,5,4,8,3,3,5,1,0,0,0,0,0,0,0,0,1,0,0,0,0,1,0,1,1,0,0,0,0,1,0,0,0,0,0,0,0,0,0,1,1,0,1,1,0,0,1,0,4,4,4,4,4,4,4,3,3,4,4,4,4,2,2,1,3,3,2,2,3,2,1,2,1,3,4,2,2,3,2,2,2,3,"1,5",1,5,1,14935,1,1,0,1,1,0,0,1,1,0,0,0,1,1,0,1,1,1
88,4,5,4,2,3,2,2,1,1,3,2,2,4,4,4,6,6,3,6,5,6,6,7,5,5,6,5,5,5,5,5,4,4,2,5,10,3,4,5,1,1,0,0,1,0,1,0,0,1,0,1,1,1,0,0,1,1,0,0,0,1,1,1,1,1,1,1,1,1,1,0,1,1,1,1,1,0,1,1,0,4,3,4,3,2,4,4,2,3,4,4,5,5,2,1,0,4,2,4,1,3,2,0,3,1,1,3,3,2,3,1,2,2,1,1,1,5,1,21892,1,0,0,1,0,1,0,1,1,0,1,0,0,1,1,1,1,0
89,6,6,4,2,6,3,5,5,5,5,3,6,6,6,6,2,5,2,5,2,1,2,1,5,1,1,1,2,1,1,1,1,1,1,2,8,3,2,4,1,1,0,1,0,0,1,0,0,1,0,1,0,1,1,0,1,1,0,0,1,1,1,1,1,1,0,0,0,0,1,0,0,1,1,0,1,0,1,0,1,4,3,2,2,2,2,4,4,2,3,3,4,3,0,0,2,2,1,2,1,3,0,1,2,0,1,3,1,2,1,1,2,2,3,1,1,2,1,16693,0,0,1,0,0,0,0,1,0,0,0,0,0,1,0,1,0,0
90,6,5,4,4,3,5,4,5,2,3,2,5,2,5,5,4,6,5,5,3,4,4,5,6,5,6,5,6,6,5,4,5,5,6,4,9,4,3,3,1,0,0,1,1,0,1,0,0,1,1,1,0,1,1,0,1,1,1,0,0,0,1,1,0,1,1,1,1,0,1,0,1,0,0,1,1,1,1,0,1,4,2,4,4,3,4,4,4,3,4,4,3,4,2,2,1,3,2,3,1,2,2,3,3,3,2,1,2,2,1,1,2,2,1,1,1,5.4,2,22309,1,1,0,1,0,1,0,0,1,1,1,1,0,0,0,1,0,0
91,3,5,4,1,3,2,3,1,3,1,3,1,1,1,1,2,4,2,4,2,1,3,2,4,2,3,2,5,5,3,2,1,1,1,1,10,2,3,3,1,0,0,0,1,0,0,1,0,1,0,1,1,0,1,1,0,1,0,0,1,1,1,1,0,1,0,0,1,0,0,0,1,0,1,1,0,1,1,1,1,2,1,1,2,3,2,3,3,3,4,3,3,4,2,2,4,2,3,2,1,2,1,2,2,0,2,3,1,2,0,1,2,2,2,1,1,3.9,2,19993,1,1,1,0,1,0,0,0,0,0,0,0,0,1,0,1,0,0
92,4,6,5,4,5,2,5,5,5,4,4,3,3,4,4,6,6,3,5,2,2,5,3,6,3,3,5,3,5,2,4,5,4,4,2,8,4,2,3,1,1,0,0,0,0,0,0,0,1,0,1,0,0,0,0,0,1,0,0,0,1,1,0,0,1,0,1,1,1,0,0,1,1,1,0,0,1,0,1,1,4,2,2,3,2,2,4,2,2,4,3,2,4,1,1,1,3,2,1,2,3,1,1,1,0,1,1,2,2,2,1,2,2,5,1,1,5,2,12733,0,0,0,1,0,0,0,1,0,0,0,0,0,0,0,1,0,0
93,6,3,2,4,5,2,4,3,2,5,4,3,1,2,5,5,3,2,5,4,2,3,2,6,5,3,5,5,3,3,2,2,2,2,3,8,2,3,3,2,1,0,1,0,0,1,0,1,1,0,1,0,1,1,0,0,1,1,0,1,1,1,1,1,1,1,1,0,0,1,0,1,1,1,1,1,1,1,0,0,4,2,2,3,2,3,4,2,2,2,4,2,2,3,2,1,2,1,1,1,2,2,2,2,1,1,1,1,2,1,1,2,2,2,1,1,4,2,20497,1,1,0,0,0,0,0,0,1,0,0,0,0,0,0,1,0,0
94,3,5,5,2,3,4,6,2,2,4,3,4,3,3,5,5,6,4,6,6,6,7,7,5,6,6,5,6,6,4,4,5,5,3,3,7,3,3,4,1,0,0,0,0,0,0,1,1,0,0,0,0,0,0,0,0,1,0,0,1,0,1,0,0,1,0,0,0,0,0,0,1,1,1,1,0,0,0,1,0,4,4,4,5,4,5,5,3,4,4,4,2,2,0,1,1,1,1,1,2,4,2,2,3,0,1,1,1,0,0,0,1,1,2,1,1,3.7,1,21970,0,0,0,0,0,0,0,1,1,0,1,0,0,0,0,0,0,0
95,3,6,3,1,2,3,3,4,2,4,4,4,4,4,3,6,7,7,7,7,5,5,5,6,6,7,3,6,7,4,5,6,6,6,7,6,2,1,4,1,1,0,1,0,1,1,0,1,1,0,1,0,0,1,0,1,1,1,0,1,1,1,1,1,1,1,1,1,1,1,0,1,1,0,1,0,1,1,0,1,4,3,3,3,3,4,5,1,1,3,4,3,5,4,0,0,1,3,2,2,3,3,3,2,2,3,2,2,2,2,1,2,2,2,1,1,8,1,21136,1,0,0,0,1,0,0,1,1,1,0,1,1,0,0,1,0,0
96,4,4,2,2,4,3,3,3,4,4,4,3,3,3,3,6,6,6,6,5,3,4,3,6,6,6,6,6,6,6,5,5,5,5,4,5,3,3,13,1,1,0,1,1,0,1,1,1,1,1,1,0,1,0,0,1,1,1,0,1,1,1,1,1,1,0,0,0,1,1,0,1,1,1,1,1,1,1,0,1,4,4,3,5,4,3,4,3,4,4,4,4,4,2,2,2,2,2,2,2,3,3,3,3,2,3,3,1,3,2,2,2,2,2,1,1,7,2,22447,1,1,1,0,0,0,0,1,1,1,1,1,1,1,0,1,0,1
97,4,6,3,2,5,3,5,4,5,6,5,6,2,4,3,5,6,2,6,3,2,3,2,6,5,3,3,5,3,2,5,6,6,5,6,8,2,2,3,1,1,0,1,1,0,1,0,0,1,1,1,0,1,0,0,1,1,1,0,1,1,1,1,1,1,0,1,1,1,1,0,0,1,0,0,0,1,1,0,1,4,4,2,2,2,4,4,4,4,5,4,4,4,1,1,2,4,3,1,2,3,1,1,1,1,2,1,0,1,1,1,2,2,2,1,1,5,2,20278,0,0,1,1,1,0,0,1,0,0,0,0,0,0,0,0,0,0
98,4,6,5,3,3,4,3,3,4,3,4,5,5,4,6,1,2,4,2,4,5,4,2,4,2,2,1,1,2,1,1,1,1,1,1,9,4,4,7,1,0,0,1,0,0,1,0,0,0,0,1,0,0,0,1,1,1,0,1,0,1,1,1,1,1,1,1,0,1,1,0,1,1,1,1,1,0,1,0,1,1,1,4,1,2,2,2,1,1,2,2,2,4,1,1,1,2,1,2,1,2,1,1,2,1,1,1,1,1,1,1,2,2,1,1,1,1,1,21946,0,0,0,0,0,0,0,0,0,0,0,0,0,0,0,0,0,0
99,3,5,3,1,5,6,5,5,4,5,2,5,3,5,4,4,5,3,6,4,2,5,7,7,6,6,6,6,6,5,3,4,3,4,4,7,4,2,2,1,0,0,1,0,0,0,1,1,1,1,1,1,1,1,0,0,1,0,1,0,1,1,1,0,1,0,1,1,0,1,0,1,0,0,1,0,1,1,0,1,4,4,4,4,3,3,5,2,3,3,4,4,4,4,1,2,4,4,1,2,4,1,1,2,1,3,1,3,4,4,3,2,2,1,1,1,4.8,2,22228,1,0,1,1,1,0,0,1,0,0,0,0,1,0,1,1,1,1
100,2,6,5,3,6,4,1,1,2,2,1,1,3,3,6,5,6,2,7,4,6,6,5,5,7,7,5,7,5,6,2,1,6,4,3,6,3,2,2,1,0,0,1,0,0,1,0,1,0,0,1,0,0,0,0,1,1,0,0,0,1,1,1,0,0,1,0,1,0,0,0,0,0,0,0,0,1,1,0,1,4,5,3,5,5,5,5,3,5,5,5,1,4,1,0,0,1,0,0,1,1,2,0,2,0,1,0,0,0,1,0,2,2,3,1,1,4.7,1,22261,0,0,0,0,0,0,0,0,1,0,0,0,0,0,0,0,0,0
101,3,5,4,6,4,3,4,4,4,5,4,6,4,5,6,5,5,5,6,5,4,4,6,7,4,4,5,5,4,4,4,5,4,5,5,7,3,3,3,1,0,0,1,0,0,1,0,0,1,1,1,1,1,1,0,1,1,0,1,1,0,1,1,1,1,1,0,1,0,1,0,1,1,0,1,1,1,0,0,1,4,4,4,4,4,2,3,3,3,4,3,5,5,2,1,0,3,2,2,2,3,2,1,2,1,2,0,2,1,1,1,1,1,6,1,1,5.5,2,22222,1,0,0,1,0,0,0,1,1,0,0,0,0,0,0,0,0,0
102,3,6,3,4,6,5,5,5,5,5,4,6,4,5,5,5,5,4,4,2,2,2,3,6,4,5,2,4,4,4,2,2,2,2,5,7,3,4,3,1,0,1,1,0,0,0,0,0,1,0,0,0,0,0,0,0,1,0,0,0,1,1,1,0,0,1,0,0,0,0,0,1,0,1,0,0,1,0,0,0,3,2,3,2,2,2,3,2,4,4,3,4,3,2,1,0,2,2,2,1,1,1,1,2,0,2,1,2,0,1,0,2,2,3,6,1,6.1,2,22438,1,0,0,0,0,0,0,0,0,0,0,0,0,0,0,0,0,0
103,3,5,5,6,6,6,4,5,4,5,5,6,5,5,3,6,6,5,5,2,2,5,4,5,3,6,5,5,7,1,1,1,1,1,1,8,4,4,2,1,1,0,1,1,0,1,0,0,1,0,1,0,1,1,0,1,1,1,0,1,1,1,1,1,1,1,1,1,0,1,0,1,0,0,0,0,1,0,0,1,3,2,2,3,2,2,4,1,1,1,1,2,4,0,0,2,2,4,3,1,3,1,2,3,2,3,1,2,1,1,1,2,2,2,1,1,4.2,2,22105,0,0,1,0,1,1,0,1,0,0,1,1,1,0,0,0,0,0
104,4,3,4,2,5,1,2,2,2,2,2,1,1,2,2,6,7,7,7,7,5,6,7,7,7,6,6,7,7,7,3,5,5,6,6,6,2,1,7,2,1,0,0,0,1,1,0,0,1,0,1,0,1,0,1,1,1,1,0,1,1,1,1,0,1,1,1,0,0,1,0,1,1,0,0,1,1,1,0,1,5,4,4,5,5,5,5,4,2,5,3,4,5,3,1,0,2,4,2,2,3,1,2,3,1,1,0,1,3,2,2,2,2,3,1,1,3.7,2,22441,1,0,0,0,1,0,0,1,0,0,1,0,0,0,0,1,0,1
105,5,3,4,3,5,2,5,3,4,4,4,5,2,2,5,5,3,4,3,5,2,5,5,5,5,5,3,3,4,4,2,4,4,4,4,7,3,3,3,1,0,0,1,0,0,1,0,1,1,0,1,0,0,1,0,1,1,0,0,0,0,1,1,0,1,1,1,1,0,0,0,1,1,1,1,0,1,0,1,0,4,3,1,4,2,3,4,1,1,3,3,3,3,2,0,0,2,4,3,2,3,2,0,3,1,3,3,3,1,2,2,2,2,2,1,1,2.5,1,22375,1,0,0,0,1,1,0,1,1,0,1,0,1,1,1,0,0,1
106,3,2,2,4,2,5,3,3,1,3,2,4,2,4,3,6,7,7,7,5,5,6,6,6,5,6,6,5,6,5,5,6,5,4,5,7,3,1,7,1,1,0,1,1,1,0,0,0,1,1,1,0,1,0,0,1,1,1,1,1,1,1,1,1,1,0,0,1,0,1,0,1,1,1,1,1,1,0,1,0,4,4,4,4,4,4,5,4,3,4,4,3,4,2,1,2,4,1,1,4,4,2,1,4,1,1,1,3,2,2,2,2,2,5,1,1,7,2,21967,1,0,1,1,0,0,1,1,1,0,1,0,0,0,1,1,0,1
107,5,6,5,2,3,4,3,3,4,4,2,6,2,5,5,6,5,2,3,4,2,1,5,6,5,5,5,5,3,3,1,2,5,1,5,7,4,4,3,1,0,0,0,0,0,0,0,0,0,0,0,0,0,0,1,0,0,0,0,0,1,1,1,0,0,0,0,1,0,0,0,0,1,1,0,0,1,0,0,0,4,2,4,5,3,2,5,2,2,3,3,2,4,0,0,1,2,4,1,1,3,2,0,2,0,4,1,0,1,0,1,2,2,3,1,1,5,2,16207,0,0,0,0,1,0,0,1,1,0,0,0,1,0,0,0,0,0
108,5,6,5,5,6,4,5,5,5,4,4,6,4,4,6,4,5,3,2,3,2,2,3,5,2,5,2,2,3,2,2,1,1,1,1,7,5,5,1,1,1,0,0,0,0,0,0,0,1,0,1,0,1,0,0,1,0,0,0,0,0,1,0,0,1,0,0,0,0,1,0,1,1,0,0,1,1,0,0,0,3,2,3,3,2,2,3,4,2,4,3,4,3,0,0,0,3,2,2,2,2,1,0,3,0,1,0,1,1,0,0,2,2,1,1,1,2.6,1,22195,0,0,0,1,0,0,0,0,0,0,1,0,0,0,0,0,0,0
109,1,5,2,6,6,5,4,5,4,1,2,6,2,3,4,7,7,6,7,5,7,7,7,7,7,7,7,7,7,7,7,7,7,7,7,7,2,1,13,1,0,0,0,1,0,0,0,0,0,0,1,1,0,1,1,0,1,0,1,0,0,1,0,0,1,1,0,0,0,0,0,1,0,0,1,0,1,0,0,0,5,4,5,5,3,5,5,5,5,5,5,3,5,3,1,1,0,4,3,2,3,2,1,4,1,4,1,3,3,3,0,2,2,1,1,1,5,2,22243,1,0,0,0,1,1,0,1,1,0,1,0,1,0,1,1,1,0
110,2,6,3,5,5,2,6,5,6,5,3,4,1,3,1,3,5,5,3,5,1,2,7,5,3,6,5,5,5,3,1,2,1,2,2,7,3,4,7,1,0,0,1,0,0,0,0,1,0,0,0,0,0,0,0,1,1,1,0,0,0,1,0,0,0,0,0,0,0,0,0,0,1,0,0,0,1,0,0,1,1,1,1,3,2,3,4,2,4,4,4,4,5,1,1,3,4,4,3,2,2,2,1,2,2,3,1,2,3,2,1,2,2,1,1,1,2,2,22363,0,0,1,1,1,1,0,0,1,0,0,1,1,0,0,1,0,0
111,3,4,4,5,2,1,2,4,4,3,4,3,2,5,6,5,4,3,6,3,3,3,7,6,5,6,3,3,2,2,2,6,6,1,4,8,4,2,11,2,0,0,0,1,0,1,1,1,1,0,1,1,0,1,1,0,1,1,1,1,1,1,0,0,1,1,0,0,0,0,0,1,0,1,0,0,1,0,0,0,4,3,2,4,2,2,4,2,4,4,5,3,4,2,2,4,4,0,3,4,1,0,3,0,0,2,3,3,1,0,2,1,1,2,1,1,5,2,21991,1,1,1,1,0,1,1,0,0,1,0,0,0,1,1,0,0,1
112,2,5,1,2,4,1,3,5,3,6,4,2,1,3,3,5,6,3,3,3,1,1,3,2,5,6,5,5,4,5,1,1,1,4,1,8,4,4,4,1,1,0,1,0,0,0,0,1,1,1,1,1,1,0,0,1,1,0,1,1,0,1,1,1,1,0,0,1,0,0,0,1,1,0,1,1,1,0,0,1,1,1,1,1,2,2,4,1,2,3,3,4,4,2,1,1,2,4,2,2,3,3,3,4,3,4,2,4,4,2,3,2,2,2,"1,2,3",1,5,2,22393,1,0,0,0,1,0,0,1,1,1,1,1,1,0,1,1,0,1
113,3,3,2,2,3,2,2,2,2,2,2,3,2,2,2,7,6,5,6,5,4,7,6,7,6,6,6,6,6,5,5,5,6,4,6,6,3,3,4,1,0,0,0,1,0,0,1,1,1,1,1,1,1,0,1,0,0,1,0,1,0,1,0,1,1,0,0,0,1,0,0,1,0,1,1,1,1,0,1,0,4,4,4,4,5,3,4,4,3,4,2,5,4,3,3,2,3,3,3,2,2,1,3,3,1,3,2,2,4,2,2,2,2,1,1,1,5.7,2,21898,1,1,1,1,1,1,0,0,0,1,1,0,1,0,0,1,0,1
114,4,3,4,2,4,4,4,4,2,3,3,3,3,4,5,6,6,5,6,3,2,4,4,3,2,3,3,3,3,2,2,3,2,2,1,7,3,3,1,1,0,0,0,0,0,0,1,1,1,0,1,0,1,1,0,0,1,0,0,0,1,1,1,0,1,0,1,0,0,1,0,1,0,1,1,1,1,0,1,0,4,3,2,4,2,3,2,2,4,4,4,4,4,2,1,1,1,1,2,2,3,2,1,2,0,1,2,1,1,1,1,2,2,2,1,1,4,2,17344,1,0,0,0,0,0,0,1,1,0,0,0,0,0,0,0,0,0
115,4,5,4,2,5,1,2,4,3,3,4,5,2,3,3,5,6,4,5,5,3,5,3,5,5,6,6,6,5,6,3,2,2,4,5,6,3,2,3,1,0,0,1,1,0,1,0,0,0,0,1,1,0,0,0,1,1,0,0,0,0,1,1,0,0,0,1,0,0,0,0,0,0,0,0,1,1,0,0,0,4,3,2,4,4,3,4,2,2,3,3,5,4,2,1,1,2,4,3,2,3,1,2,3,1,3,3,2,3,2,2,2,2,2,1,1,5,2,22027,1,0,0,0,1,1,0,1,0,0,1,0,1,1,0,1,0,1
116,3,5,5,4,5,3,4,4,4,4,2,5,5,5,5,6,6,4,5,4,3,3,2,5,3,4,3,5,3,4,2,3,5,3,4,6,2,4,7,1,1,0,1,1,0,1,1,1,1,0,1,1,1,1,0,1,1,1,0,1,1,1,1,1,1,0,0,1,0,1,0,1,1,0,1,0,0,1,0,1,2,3,2,2,3,2,3,4,3,2,3,4,3,1,2,2,1,2,2,3,2,2,1,1,2,1,2,2,3,2,2,1,1,2,1,1,2.7,2,22450,0,1,1,0,0,0,1,0,1,0,0,1,0,0,0,1,0,1
117,3,5,4,1,2,6,3,4,1,1,6,2,2,3,2,2,2,1,1,1,4,5,1,4,1,1,1,1,1,1,1,1,1,1,4,7,4,3,1,2,0,0,1,1,0,0,1,0,1,0,1,1,0,1,0,1,1,1,0,1,1,1,1,0,1,1,0,1,1,1,0,1,0,1,1,0,1,1,1,1,2,1,1,3,1,3,2,1,1,1,3,4,4,3,1,2,2,4,4,2,3,1,2,2,1,2,3,1,1,0,2,2,2,3,1,1,5,1,21874,1,0,1,0,1,1,0,1,0,0,0,0,0,1,0,0,0,1
118,6,5,4,3,5,3,5,5,6,5,4,5,4,5,6,5,6,1,6,4,2,4,5,1,3,4,4,3,4,2,1,1,1,3,1,6,3,3,10,1,0,0,1,0,0,0,0,0,0,0,0,0,0,0,0,0,0,0,0,1,0,0,1,0,1,0,0,1,1,0,0,0,1,0,1,1,1,0,0,0,2,2,3,2,3,2,4,1,1,1,2,1,4,0,1,1,4,2,0,0,1,0,3,2,0,0,1,2,2,0,1,2,2,5,1,1,9,2,13075,0,0,0,1,0,0,0,0,0,1,0,0,0,0,0,1,0,0
119,4,2,4,6,2,2,2,5,2,6,6,2,6,6,2,2,7,1,7,7,7,6,2,6,6,6,6,6,6,6,6,2,2,6,2,8,4,5,5,1,1,0,0,1,0,0,0,0,1,0,1,1,0,1,0,1,1,1,0,0,1,1,1,0,1,1,0,0,0,1,0,1,0,1,0,0,0,1,0,1,4,4,4,4,4,4,4,2,4,4,4,4,4,4,1,1,1,4,1,3,3,3,3,1,3,1,3,3,3,1,1,2,2,3,1,1,4,2,17932,1,0,0,0,1,0,1,1,1,1,0,1,0,1,1,1,0,0
120,2,6,2,2,4,3,4,3,4,3,5,6,2,4,4,3,3,2,5,2,4,2,1,7,5,6,5,5,5,2,1,1,1,6,1,8,5,4,2,1,0,1,1,1,0,1,1,1,1,0,1,0,1,0,0,1,1,1,0,1,1,1,1,1,1,1,1,1,0,0,0,0,0,1,1,1,1,1,0,0,4,2,1,4,4,2,3,2,4,4,3,4,4,2,1,3,1,4,4,2,3,3,3,3,1,3,2,1,3,1,0,2,2,3,1,1,2,2,20743,1,0,1,0,1,1,0,1,1,1,1,0,1,0,0,1,0,0
121,5,3,4,4,3,5,4,4,4,4,3,3,3,3,4,5,5,5,4,5,4,5,5,5,5,5,5,5,5,2,2,2,2,2,2,8,4,4,3,2,0,0,1,0,0,0,0,0,0,0,0,0,0,1,0,1,1,0,0,0,1,1,0,0,0,0,1,1,0,1,0,1,0,0,0,0,1,0,0,1,2,2,4,4,4,2,2,2,2,3,4,4,4,3,1,1,2,2,2,2,2,1,1,2,0,1,1,2,1,1,2,2,2,2,1,1,5,2,22426,1,0,0,0,0,0,0,0,0,0,0,0,0,0,0,0,0,1
122,3,5,2,2,4,3,3,4,4,3,2,3,1,3,2,4,5,5,4,5,5,3,5,5,5,5,4,5,4,3,2,4,4,4,5,6,3,2,3,1,0,0,1,0,0,1,0,0,0,0,1,0,0,0,0,1,1,0,0,0,1,1,0,0,1,0,0,1,0,0,0,0,1,0,0,0,1,1,0,1,4,3,4,5,4,3,4,3,4,4,4,5,4,1,2,2,3,3,2,2,2,2,2,3,0,3,3,2,2,1,2,2,2,1,1,1,4,2,20308,0,1,1,1,1,0,0,0,1,0,1,0,1,1,0,1,0,1
123,3,5,3,2,5,6,3,4,4,4,2,4,1,3,5,6,5,2,5,7,5,7,7,6,6,6,6,6,6,6,2,2,3,1,6,7,2,3,5,1,0,0,0,0,0,1,0,0,0,0,1,0,0,0,1,0,1,1,0,0,0,1,0,0,0,1,1,0,0,0,0,0,1,0,0,0,1,0,0,0,4,4,4,4,5,4,4,4,3,4,3,3,4,2,1,1,3,3,3,1,4,1,1,2,1,3,4,2,1,2,2,2,2,2,1,1,4,2,22399,1,0,0,1,1,1,0,1,0,0,0,0,1,1,0,0,0,1
124,3,4,3,2,5,2,3,5,2,3,2,5,1,5,6,2,6,5,5,4,2,2,5,5,5,5,5,5,6,2,1,2,2,7,2,7,1,2,11,1,1,0,0,0,0,0,0,0,1,0,1,1,1,0,1,1,1,0,0,1,1,1,0,0,0,0,0,0,0,1,0,0,0,1,1,1,1,0,1,0,4,2,2,5,4,4,5,5,4,5,4,2,4,2,2,1,3,4,2,2,3,3,2,4,2,4,4,1,1,4,1,1,1,3,1,1,6,2,20890,1,1,0,1,1,0,0,1,1,0,1,1,1,1,0,0,1,0
125,3,3,2,1,4,1,3,3,2,3,3,2,2,2,3,6,6,6,6,6,1,7,7,7,7,7,7,7,7,5,5,6,6,7,6,6,2,3,4,1,0,0,1,0,0,1,0,0,1,1,1,1,1,0,0,1,1,0,0,1,1,1,1,0,1,1,0,1,0,1,0,1,0,0,1,1,1,1,0,0,5,5,5,5,5,5,5,5,5,5,5,5,5,2,1,1,4,4,2,3,3,3,3,3,3,3,3,3,4,3,3,2,2,2,"1,3",1,6.1,2,22174,1,0,0,1,1,0,1,1,1,1,1,1,1,1,1,1,1,1
126,3,5,4,5,2,6,4,4,3,4,3,4,2,4,3,2,3,2,2,2,2,2,4,4,6,6,5,5,5,3,2,2,2,6,2,8,3,2,3,1,0,0,0,0,0,1,0,0,1,0,1,1,0,1,0,1,1,1,0,0,0,1,0,0,1,1,0,0,0,0,0,1,1,0,0,0,1,1,0,1,1,1,2,1,2,3,4,1,3,3,3,4,3,1,1,0,2,2,2,2,2,1,1,2,0,2,1,1,1,0,0,2,2,4,"1,3",1,5,2,14401,0,0,0,0,0,0,0,0,0,0,0,0,0,0,0,0,0,0
127,6,5,6,6,6,6,6,6,6,6,6,6,2,6,6,2,2,4,4,2,2,2,2,2,5,5,4,5,5,5,2,2,2,2,2,8,4,4,3,1,1,0,1,0,0,0,0,0,1,0,1,0,1,1,0,1,1,1,0,0,1,1,1,0,0,1,0,1,0,0,0,0,1,1,0,1,0,0,0,1,3,2,4,4,3,2,2,2,4,4,4,4,3,1,1,1,1,1,1,1,1,1,1,3,1,1,1,3,3,2,1,2,2,1,1,1,1.6,1,22039,0,0,0,0,0,0,0,0,0,0,1,0,0,0,1,1,0,0
128,3,5,4,2,3,2,3,3,3,3,3,3,2,4,3,5,5,4,5,5,6,6,4,5,6,6,5,6,6,6,3,3,3,3,3,8,4,3,6,1,0,0,0,0,0,1,1,0,1,0,0,0,1,0,0,1,1,0,0,0,0,1,0,0,0,1,1,0,1,0,0,1,1,1,1,1,1,0,1,1,4,4,3,3,4,4,4,3,3,4,4,2,4,1,1,2,2,3,2,2,3,1,1,2,1,3,2,2,1,1,2,2,2,3,5,1,12,2,22456,0,0,1,0,1,0,0,1,0,0,0,0,1,0,0,0,0,1
129,5,4,3,2,6,5,5,4,3,2,2,6,3,3,4,3,3,4,2,4,2,4,3,2,5,5,4,4,4,4,2,2,2,2,2,7,3,3,2,1,0,0,1,0,0,1,0,0,1,0,1,1,1,1,0,1,1,0,0,1,1,1,1,1,1,1,0,1,0,0,0,1,1,1,1,1,1,1,0,1,2,2,2,2,3,4,3,2,2,3,3,3,3,1,1,1,2,3,2,1,2,2,1,2,0,2,1,3,2,1,1,2,2,2,1,1,5.8,2,20830,0,0,0,0,1,0,0,0,1,0,0,0,0,0,1,1,0,0
130,3,4,4,3,5,3,4,4,5,5,3,5,3,4,5,5,6,5,5,4,3,3,5,5,5,5,5,5,5,4,3,2,5,4,5,7,4,4,3,1,0,0,0,0,0,0,0,0,0,0,0,0,0,0,0,0,1,0,0,0,1,0,1,0,1,0,0,0,0,0,0,0,0,0,0,0,1,1,1,1,4,4,2,4,3,4,4,3,3,4,3,2,4,2,1,2,3,3,2,2,3,2,3,2,1,1,1,1,2,2,1,2,2,3,1,1,4,2,22069,1,0,1,1,1,0,0,1,1,1,0,0,0,0,0,1,0,0
131,5,5,4,3,5,5,5,5,4,5,4,5,5,5,5,4,6,4,6,4,3,3,6,5,5,4,5,5,4,4,3,3,3,3,4,8,4,3,3,1,1,0,1,0,0,0,0,0,0,0,1,1,0,1,0,0,1,1,0,0,1,1,1,1,1,1,0,0,1,1,0,0,1,1,1,0,0,1,1,0,4,3,4,3,3,3,4,2,2,3,3,3,2,1,1,2,1,1,2,2,2,1,1,2,1,1,0,1,1,1,0,2,2,2,1,1,7,2,22372,0,0,1,0,0,0,0,0,0,0,0,0,0,0,0,0,0,0
132,5,3,3,2,5,1,3,5,3,5,5,5,1,2,2,6,4,7,5,3,5,6,6,5,6,6,5,6,5,5,3,5,3,7,5,7,3,2,6,1,0,1,1,1,0,0,0,0,1,0,0,0,0,1,1,1,1,1,0,0,1,1,0,0,0,0,0,0,0,0,0,0,1,0,0,0,1,1,0,1,4,4,4,5,3,3,4,4,3,4,3,4,4,1,1,1,3,3,2,1,3,2,2,4,0,3,3,2,1,1,1,2,2,3,1,1,4.5,2,18418,0,0,0,1,1,0,0,1,1,0,1,0,1,1,0,0,0,0
133,5,5,6,3,5,3,5,3,4,5,2,6,3,3,6,7,7,6,7,6,3,6,7,6,7,7,7,5,7,7,1,2,3,6,5,7,4,2,3,1,0,0,0,0,0,1,1,1,1,0,1,0,1,1,0,1,1,0,0,1,0,1,1,0,1,0,0,1,0,0,0,0,1,0,1,0,1,0,1,0,4,5,5,5,3,4,5,5,5,5,4,4,5,2,1,0,3,2,2,1,3,3,4,4,0,2,1,1,3,1,1,2,2,4,1,1,1,2,22378,1,0,0,1,0,0,0,1,1,1,1,0,0,0,0,1,0,0
134,6,5,3,2,5,1,2,2,2,3,5,6,1,1,6,3,5,1,6,1,1,5,1,4,1,2,5,6,6,3,1,2,6,6,1,7.5,3,2,2,1,0,0,1,1,0,1,1,0,1,0,1,1,0,1,1,0,1,1,0,1,0,1,1,1,1,1,0,1,0,1,0,1,0,1,1,0,1,1,0,1,2,1,1,2,4,5,4,3,1,3,4,5,5,2,2,4,3,4,2,1,2,3,2,2,1,2,0,1,2,3,1,1,1,1,1,1,3.9,2,22423,1,1,1,1,1,0,0,0,1,0,0,0,0,0,0,1,1,0
135,3,2,3,1,2,5,3,2,2,1,2,3,3,2,1,5,6,4,7,6,7,7,7,7,7,7,7,7,7,7,7,7,7,7,7,6,3,1,4,1,1,1,0,0,0,0,0,0,1,1,1,1,1,1,0,0,1,1,0,0,1,1,0,1,1,1,1,1,1,1,0,1,1,0,1,1,1,0,0,0,5,5,5,5,5,5,5,5,5,5,5,5,5,0,0,4,3,4,4,2,4,4,2,4,2,4,1,4,0,4,0,2,2,2,1,1,7.1,1,21997,0,0,1,1,1,1,0,1,1,0,1,1,1,0,1,0,1,0
136,2,5,2,1,4,4,1,2,1,1,1,1,1,1,1,6,7,5,5,7,4,5,7,5,6,7,5,5,3,3,1,2,2,2,1,6,3,2,5,1,0,0,0,0,0,1,0,0,0,0,0,1,0,1,1,0,1,0,1,0,1,1,0,0,1,1,0,0,0,0,0,0,1,1,1,1,1,1,0,0,4,2,2,4,3,2,4,5,4,3,3,2,4,3,2,3,4,4,4,2,3,3,2,1,1,2,4,4,3,2,2,2,2,2,1,1,6.6,1,22165,1,1,1,1,1,1,0,1,1,0,0,0,0,1,1,1,0,1
137,5,4,3,1,3,5,5,3,5,4,3,5,2,2,4,6,4,6,6,5,5,6,7,7,6,6,6,6,6,1,4,3,5,7,7,7,3,2,4,1,1,0,0,1,1,1,0,0,1,0,1,0,1,1,0,1,1,0,0,0,1,1,0,1,1,0,1,1,0,1,0,1,1,0,0,0,1,1,0,0,5,5,2,4,4,4,4,3,5,4,3,4,4,3,2,1,3,3,3,2,3,3,2,1,0,2,2,1,2,1,0,2,2,1,4,1,2,2,22459,1,1,0,1,1,1,0,1,1,0,0,0,0,0,0,1,0,0
138,5,5,5,3,5,5,3,3,4,4,5,5,2,4,2,3,5,5,5,3,2,6,2,5,6,6,2,3,3,2,2,3,5,5,1,7,2,3,7,1,0,0,1,1,0,0,0,0,1,0,1,1,1,1,0,1,1,1,0,0,0,1,0,0,1,1,0,1,0,1,0,1,0,0,1,1,1,0,0,1,4,4,1,2,3,3,4,2,2,4,3,4,4,2,1,1,3,3,2,2,3,1,1,2,0,2,1,0,1,1,1,2,2,3,1,1,3,2,17092,1,0,0,1,1,0,0,1,0,0,0,0,0,0,0,0,0,0
139,4,2,1,4,1,1,2,3,1,4,2,1,4,3,2,5,7,3,5,5,2,2,5,4,2,5,3,2,6,1,2,2,7,3,6,8,3,4,4,1,0,0,0,0,0,1,0,0,1,0,1,0,1,0,0,0,1,1,0,0,1,1,0,1,1,1,0,0,0,1,0,1,1,0,0,1,1,0,0,0,3,1,2,5,3,2,5,4,2,3,4,3,5,4,3,4,4,3,2,4,4,3,4,4,1,2,3,1,0,3,2,2,2,4,1,1,7.1,2,21961,1,1,1,1,1,0,1,1,1,1,1,0,0,1,0,0,1,1
140,3,3,3,2,3,1,4,3,4,4,2,3,3,3,6,3,4,5,4,2,1,3,2,5,4,5,5,4,5,3,2,2,2,5,4,8,3,4,3,1,0,0,1,0,0,1,0,0,1,0,1,0,1,1,0,1,1,0,0,1,0,1,1,0,1,0,0,1,0,0,0,0,1,1,0,0,1,0,0,0,4,3,2,3,3,4,4,4,3,4,4,4,4,3,1,0,2,4,3,1,2,2,1,3,1,3,2,4,4,2,2,2,2,2,1,1,5.4,2,,1,0,0,0,1,1,0,0,1,0,1,0,1,0,1,1,0,1
141,4,2,4,2,2,3,2,3,3,3,2,6,3,3,3,5,6,5,6,5,3,3,7,2,1,6,3,3,2,1,1,4,4,1,5,6,2,3,5,1,0,0,0,0,0,0,1,0,1,0,1,1,1,1,0,1,1,0,0,0,0,1,1,0,1,1,0,1,0,1,0,1,1,1,1,1,1,0,0,1,4,4,2,3,2,2,4,1,2,4,3,4,3,2,3,3,4,1,2,2,3,0,3,2,1,2,3,2,2,1,1,2,2,2,1,1,4,2,,1,1,1,1,0,0,0,1,0,1,0,0,0,1,0,1,0,0
142,4,5,4,4,3,3,4,5,6,5,3,6,2,5,4,7,7,6,7,5,2,6,5,7,7,7,5,7,5,6,2,6,1,6,3,7,5,5,1,1,0,0,0,1,0,0,0,1,0,0,0,0,0,0,0,0,1,0,0,0,0,1,0,0,1,1,0,0,0,0,0,1,0,1,1,0,1,0,0,0,5,5,5,5,4,4,5,3,2,3,4,2,5,1,1,1,3,4,0,2,2,2,1,4,0,3,1,1,1,1,1,2,2,3,1,1,3.6,1,,0,0,0,1,1,0,0,0,1,0,1,0,1,0,0,0,0,0
143,4,3,3,2,5,3,3,3,3,5,1,5,2,2,5,7,7,7,7,6,5,5,5,7,7,7,7,7,7,7,2,2,3,2,4,8,4,4,7,1,1,0,0,0,0,0,0,0,1,0,1,0,0,0,0,0,0,1,0,0,0,1,0,1,1,0,0,1,0,0,0,1,0,0,1,1,0,1,1,1,4,4,4,4,5,4,4,2,3,5,5,4,4,4,1,2,4,4,4,3,4,1,2,3,0,2,4,1,3,3,1,2,2,4,1,1,6.6,1,,1,0,1,1,1,1,1,1,0,0,1,0,0,1,0,1,1,0
144,4,6,4,5,3,3,4,5,4,5,5,5,3,5,5,6,7,4,7,4,2,2,5,4,4,5,5,5,6,4,1,1,1,2,3,6,4,3,2,1,1,0,1,0,0,1,0,0,0,0,1,1,0,1,0,1,1,0,0,1,1,1,1,1,1,0,1,0,0,1,0,1,0,1,1,0,1,0,0,0,4,5,5,4,2,2,3,2,4,4,4,1,2,0,0,0,1,2,1,1,3,1,1,2,0,1,2,2,2,3,2,2,2,1,1,1,4.5,2,,0,0,0,0,0,0,0,1,0,0,0,0,0,0,0,1,1,1
145,5,6,5,6,4,4,4,5,5,5,6,3,4,5,6,3,4,2,3,5,2,2,5,5,5,5,5,5,5,5,3,3,3,5,2,6,4,3,5,1,0,0,0,1,0,1,0,1,1,0,0,0,1,1,0,0,0,1,1,0,0,1,0,0,1,0,0,0,0,0,0,1,0,1,1,1,1,1,0,0,4,2,3,4,2,2,2,3,2,3,3,2,2,2,1,2,2,1,1,1,1,1,2,2,1,1,1,2,1,1,1,2,2,31,1,1,2,2,19006,1,0,1,0,0,0,0,0,0,0,0,0,0,0,0,0,0,0
146,2,1,1,1,3,2,1,2,2,2,1,1,1,1,1,7,7,7,7,5,7,7,7,7,7,7,7,7,7,7,7,7,7,7,7,6,3,1,1,1,0,0,1,1,1,1,1,1,1,1,1,1,1,0,1,1,1,1,0,0,1,1,1,0,1,0,1,1,1,1,0,1,1,1,1,0,1,0,1,1,5,5,5,5,5,5,5,5,5,5,5,5,5,4,4,4,4,4,4,4,4,4,4,4,2,4,4,4,4,4,4,2,2,4,1,1,5,2,12097,1,1,1,1,1,1,1,1,1,1,1,1,1,1,1,1,1,1
147,5,6,4,2,4,1,5,6,4,4,2,6,6,5,6,5,7,3,7,4,2,4,5,3,4,3,2,2,2,2,4,5,1,2,5,7,4,5,6,1,0,0,0,0,0,0,0,0,0,0,1,0,0,1,0,1,1,0,0,1,0,1,1,0,0,0,0,0,0,1,0,0,0,1,1,0,0,1,0,1,4,2,2,5,1,2,5,1,3,5,4,3,5,2,1,1,3,2,0,2,3,2,1,3,0,1,1,3,2,1,2,2,2,3,5,1,6.9,2,20305,1,0,0,1,0,0,0,1,1,0,1,0,0,0,1,1,0,1
148,5,6,4,3,5,4,4,3,4,4,3,4,4,4,5,1,2,1,2,1,1,2,1,2,2,1,1,1,1,1,1,1,1,1,1,7,3,2,1,2,1,0,1,1,0,1,0,0,1,0,1,0,0,1,0,0,1,1,0,0,1,1,0,0,1,0,1,0,0,1,1,1,0,1,0,0,1,1,0,0,1,1,1,1,1,1,2,1,3,3,3,3,3,3,2,1,4,3,2,2,4,1,0,2,0,1,1,2,1,0,1,2,2,4,1,1,3,2,18001,1,1,0,1,1,0,0,1,0,0,0,0,0,0,0,0,0,0
149,4,6,6,5,6,5,6,5,5,6,6,6,4,6,6,2,6,4,6,1,1,3,2,6,4,4,5,6,3,5,1,2,2,3,1,8,4,4,7,1,0,0,1,0,0,1,1,0,1,0,1,0,1,0,0,0,1,1,0,1,1,1,1,0,1,1,0,0,0,0,0,1,0,0,1,0,1,1,1,0,3,3,3,4,1,2,3,1,2,3,3,3,2,1,1,0,4,2,1,1,2,1,1,2,0,1,2,0,0,0,1,2,2,4,1,1,3.3,2,,0,0,0,1,0,0,0,0,0,0,0,0,0,0,0,0,0,0
150,3,5,3,3,6,2,4,4,4,3,2,2,3,2,4,5,6,3,5,6,6,4,6,5,4,4,5,4,5,4,1,1,3,3,5,8,4,5,2,1,0,0,1,0,0,1,0,0,1,0,1,1,0,0,0,1,1,1,0,0,0,1,1,0,1,0,1,0,0,0,0,1,0,0,1,1,1,1,1,1,2,3,2,4,4,4,4,3,3,4,4,2,3,0,1,0,0,2,2,2,2,2,2,3,1,2,1,2,2,1,2,2,2,3,1,1,3,1,22465,0,0,0,0,0,0,0,0,1,0,1,0,0,0,0,1,0,1
151,4,5,2,2,6,1,2,4,3,5,1,1,1,4,6,4,3,6,4,1,1,1,5,5,2,2,5,3,2,2,1,1,1,1,1,5,2,3,4,1,0,0,1,1,1,1,0,0,1,0,0,1,0,1,0,0,1,1,1,1,1,1,1,0,1,0,1,1,0,0,0,1,1,1,0,0,1,1,0,1,2,1,1,1,2,1,1,1,1,4,3,4,4,1,1,0,1,4,3,2,2,1,0,2,0,2,3,2,2,0,1,2,2,1,1,1,3.1,2,22468,0,0,0,0,1,1,0,0,0,0,0,0,0,1,0,1,0,0
152,5,4,3,3,3,2,4,4,5,5,3,4,5,4,2,5,6,3,6,2,3,3,6,5,2,3,2,3,3,3,2,1,1,3,3,7,4,4,2,1,0,0,0,0,0,1,0,0,0,0,0,0,0,1,0,1,0,1,0,0,0,1,0,0,0,0,0,0,0,0,0,1,0,1,0,0,1,1,0,1,4,3,2,2,2,2,4,2,4,3,3,2,4,2,0,1,3,3,2,2,3,2,1,2,1,2,1,1,2,2,2,2,2,5,1,1,3,2,,1,0,0,1,1,0,0,1,1,0,0,0,0,0,0,1,0,1
153,5,4,2,4,5,2,2,4,1,2,3,2,1,2,2,6,6,5,5,7,6,5,7,7,7,7,7,7,7,7,7,6,7,7,7,7,4,3,7,1,0,0,0,0,0,1,0,0,0,0,0,0,0,0,0,0,0,1,1,0,0,1,0,1,1,1,0,0,0,0,0,1,1,0,0,0,1,0,0,0,5,5,5,5,5,5,5,2,5,5,5,5,5,1,3,1,1,3,3,1,2,2,3,4,1,3,2,4,4,3,4,1,1,6,1,1,10,2,,0,1,0,0,1,1,0,0,1,1,1,0,1,0,1,1,1,1
154,2,5,5,3,3,5,6,4,3,3,2,4,4,4,5,6,5,2,5,1,1,3,5,7,5,4,5,6,5,4,4,6,6,3,4,8,3,3,3,1,1,0,1,1,0,1,0,0,1,1,1,0,1,1,0,0,0,1,1,0,0,1,1,0,1,1,0,1,0,1,0,1,1,1,0,0,0,0,0,0,5,5,4,3,2,3,3,3,2,3,3,3,3,2,3,1,3,3,3,2,2,3,1,3,2,2,1,2,2,2,1,1,1,3,1,1,3.2,2,20785,1,1,0,1,1,1,0,0,1,0,1,1,0,0,0,1,0,0
155,1,1,2,1,2,3,3,2,3,2,2,4,1,2,6,5,7,7,7,6,4,5,5,7,6,6,6,7,7,5,4,5,5,4,6,7,4,2,7,1,0,0,1,0,0,1,0,1,1,1,1,0,1,0,1,1,1,0,0,1,1,0,1,1,1,0,0,1,0,1,1,1,1,1,1,1,0,1,0,1,5,5,4,5,5,3,4,3,5,4,5,4,5,3,3,0,2,4,4,2,3,2,3,3,2,4,2,1,1,0,2,2,2,2,1,1,6.1,1,,1,1,0,0,1,1,0,1,1,1,1,1,1,0,0,0,0,1
156,4,3,2,1,5,1,4,5,5,3,2,5,3,3,2,2,4,3,5,6,6,4,3,6,4,4,4,3,4,4,4,4,5,3,6,8,4,4,4,1,0,0,0,0,0,1,0,0,1,1,1,0,1,1,1,0,1,0,0,0,1,1,1,0,0,0,0,1,1,0,0,1,1,1,1,1,1,0,1,0,4,4,4,4,4,4,4,4,4,4,4,2,4,2,2,3,3,3,2,3,3,3,3,1,1,2,1,0,0,0,0,1,1,1,1,1,6.4,2,,1,1,1,1,1,0,1,1,1,1,0,0,0,0,0,0,0,0
157,4,5,5,4,5,1,4,5,3,4,5,5,3,5,6,4,5,2,5,1,1,4,6,4,4,6,4,5,5,3,1,1,2,1,5,7,2,3,2,1,0,0,1,1,0,0,0,1,1,1,0,1,0,0,0,0,1,0,0,0,1,1,1,0,1,1,0,1,0,0,0,1,1,0,1,0,1,0,0,1,2,2,2,2,3,4,4,3,2,4,3,4,4,2,1,1,3,1,0,1,2,0,1,1,0,1,2,0,0,0,0,2,2,2,1,1,5.6,2,22471,1,0,0,1,0,0,0,0,0,0,0,0,0,0,0,0,0,0
158,3,4,4,4,5,2,5,5,5,4,4,6,2,5,4,3,5,3,5,2,2,5,2,6,5,3,4,5,2,4,2,2,2,2,5,7,3,4,3,1,1,1,1,1,0,1,0,0,1,1,0,0,1,1,0,1,0,1,0,0,0,1,1,1,1,1,0,0,0,1,0,0,0,0,0,0,1,0,0,1,4,2,1,4,4,2,4,2,2,4,3,2,3,1,3,2,3,4,1,2,3,2,2,2,0,2,2,1,2,1,1,2,2,5,1,1,3.3,2,,0,1,1,1,1,0,0,1,1,0,0,0,0,0,0,1,0,0
159,5,5,3,4,5,1,4,3,3,4,2,3,2,3,2,5,5,2,4,5,3,3,5,5,5,5,5,4,5,4,3,3,3,2,3,9,4,5,2,1,1,0,1,0,0,0,1,0,1,0,1,0,1,0,0,1,1,1,0,1,1,1,1,1,1,1,0,1,1,0,0,0,1,1,1,1,1,1,0,1,4,3,2,3,2,2,4,2,4,4,4,4,4,1,1,2,3,3,2,2,2,2,1,2,0,2,0,1,1,0,1,2,2,4,1,1,4.5,2,,0,0,1,1,1,0,0,0,1,0,0,0,0,0,0,0,0,0
160,3,4,3,2,3,4,3,3,3,4,4,6,2,3,4,4,5,5,4,3,5,4,4,5,5,5,5,5,4,4,4,4,4,4,5,7,3,3,3,1,0,0,1,1,0,1,1,0,1,1,1,1,0,1,1,0,0,1,1,0,1,1,0,1,1,1,1,0,0,0,1,1,0,1,1,0,1,1,0,1,2,3,3,4,2,4,4,3,3,3,3,3,4,2,2,2,3,3,2,2,3,2,1,2,1,3,2,1,1,1,1,1,1,2,"1,5",1,7.4,2,22477,1,1,1,1,1,0,0,1,1,0,0,0,1,0,0,0,0,0
161,3,5,5,4,5,6,5,5,3,4,3,5,5,4,6,1,2,2,2,2,2,2,2,2,2,2,2,2,2,2,2,2,2,2,2,7,4,4,4,1,1,0,1,0,0,1,1,1,0,0,1,0,1,1,1,1,1,0,0,1,0,0,1,0,1,0,1,1,0,1,0,1,0,1,0,1,0,0,0,1,2,1,2,2,2,2,2,2,2,2,2,2,3,0,0,0,1,4,3,1,1,0,1,0,1,4,4,2,1,1,1,2,2,2,1,1,4.1,2,21982,0,0,0,0,1,1,0,0,0,0,0,0,1,1,0,0,0,0
162,6,6,5,6,3,6,3,6,4,2,6,6,6,6,4,2,6,6,6,6,6,6,6,6,6,6,6,6,6,6,1,2,6,7,6,9,4,4,1,1,0,0,1,0,0,1,0,0,0,0,1,0,0,1,0,1,1,1,0,1,1,1,1,0,1,1,0,1,0,0,0,0,1,1,0,0,0,1,0,1,4,3,4,4,4,4,4,2,2,4,4,2,2,2,4,0,1,1,2,2,1,1,2,1,0,1,0,1,1,0,0,1,1,4,1,1,4,1,,1,1,0,0,0,0,0,0,0,0,0,0,0,0,0,0,0,0
163,4,5,3,5,3,1,3,3,3,4,5,5,3,5,4,3,5,2,5,5,1,5,1,2,3,2,4,3,5,2,1,1,1,5,5,6,4,4,2,1,0,0,0,1,0,1,0,0,0,0,0,0,0,1,0,1,1,1,0,1,1,1,1,0,1,0,0,1,0,0,0,0,0,0,1,0,1,1,0,1,2,2,1,4,4,4,4,2,3,4,3,4,4,1,2,4,2,1,2,3,2,2,3,2,1,1,1,3,1,0,1,1,1,1,5,1,5.5,1,22480,0,1,1,0,0,0,1,0,1,1,0,0,0,0,1,0,0,0
164,5,4,5,4,5,5,4,5,4,4,3,3,3,4,6,3,3,1,3,2,5,2,5,3,2,2,2,2,2,2,2,2,2,4,2,7,3,5,4,1,0,0,1,0,0,1,0,1,0,0,1,0,0,1,0,0,0,0,0,0,0,1,0,0,1,1,1,0,0,0,0,1,0,0,1,0,0,0,0,0,1,2,1,1,1,2,1,1,2,4,3,2,3,1,0,1,1,1,1,1,2,1,1,1,1,2,1,2,1,1,1,2,2,3,1,1,3.9,2,,0,0,0,0,0,0,0,0,0,0,0,0,0,0,0,0,0,0
165,3,4,4,4,4,5,5,5,4,5,2,5,3,3,5,4,5,2,5,3,2,3,4,5,4,5,3,4,4,3,3,2,2,2,2,7,3,4,3,1,0,1,0,0,0,1,1,1,1,1,1,1,1,1,0,0,1,1,0,0,0,1,1,0,1,1,1,1,0,1,0,1,1,0,1,1,1,1,0,0,4,3,2,3,2,2,2,3,3,4,3,2,4,1,2,1,2,2,1,2,3,2,3,2,1,2,1,1,1,2,1,2,2,3,1,1,4,2,16894,0,1,0,0,0,0,0,1,1,1,0,0,0,0,0,0,0,0
166,5,4,6,3,5,5,5,5,6,6,3,6,6,5,6,7,4,4,6,6,2,5,2,5,7,7,7,7,7,7,1,1,1,1,2,8,3,3,3,1,1,0,1,0,0,1,0,0,1,0,1,1,1,0,1,1,1,1,0,1,1,1,1,0,1,0,0,1,0,1,0,1,1,0,1,0,1,1,0,1,4,4,4,4,5,3,4,1,3,4,3,2,5,1,1,1,3,3,3,1,3,1,2,1,2,2,1,3,0,1,3,1,1,2,1,1,8,1,22483,0,0,0,1,1,1,0,1,0,0,0,1,0,0,1,0,0,1
167,5,3,5,2,2,5,4,3,2,3,3,6,3,3,3,3,4,3,5,1,1,1,1,5,5,5,1,5,5,3,1,1,1,1,1,9,3,4,2,1,0,1,1,1,0,1,0,1,0,0,0,0,0,1,1,1,1,1,0,1,1,0,0,0,1,0,0,1,0,0,0,0,0,0,0,0,0,1,0,1,1,1,1,2,1,4,4,4,2,4,3,3,4,1,1,1,2,0,0,1,2,2,3,3,1,1,3,1,2,1,2,2,2,3,1,1,3.6,2,,0,0,0,0,0,0,0,0,1,1,1,0,0,1,0,1,0,1
168,5,5,3,3,4,5,4,4,4,4,3,5,3,4,5,4,5,4,5,5,1,5,6,5,6,6,6,6,6,6,2,2,2,2,4,8,4,4,2,1,0,0,0,0,0,0,0,0,0,0,0,0,0,1,0,1,1,1,0,0,0,1,0,0,0,0,0,1,0,0,0,1,0,0,1,0,1,1,0,0,3,2,3,2,3,3,4,2,2,4,3,4,4,2,1,2,1,3,2,1,2,2,2,3,1,3,1,2,2,1,1,2,2,2,1,1,2,1,20728,1,0,1,0,1,0,0,0,1,0,1,0,1,0,0,1,0,0
169,5,5,5,6,5,3,5,6,5,5,5,5,4,5,6,5,5,3,4,2,2,1,1,5,1,2,2,3,5,1,1,1,1,5,1,6,5,4,2,1,0,0,0,0,0,1,1,1,1,0,0,0,0,1,1,0,1,0,0,0,0,0,0,0,1,0,0,0,0,1,0,0,0,1,0,0,1,0,0,0,2,1,1,4,2,2,4,1,2,4,2,2,1,1,0,0,1,2,1,1,2,1,2,2,0,1,0,2,2,0,1,1,1,3,1,1,1.5,2,22075,0,0,0,0,0,0,0,0,0,0,0,0,0,0,0,1,0,0
170,4,5,3,4,5,2,4,4,4,2,3,3,2,2,2,5,7,5,7,5,4,5,7,7,7,7,6,7,6,7,6,7,7,6,5,6,5,2,1,1,0,0,0,1,0,0,0,0,0,1,0,0,0,0,0,0,0,0,1,1,1,1,1,0,1,1,0,0,0,0,0,1,1,1,1,0,1,0,0,1,5,4,5,5,4,4,5,4,4,5,5,5,5,1,1,2,3,4,4,1,4,2,2,3,1,3,0,3,1,0,1,2,2,3,1,1,4.7,2,19162,0,0,1,1,1,1,0,1,1,0,1,0,1,0,1,0,0,0
171,5,4,3,2,1,2,2,3,3,3,3,5,5,4,3,6,7,2,7,2,1,4,2,7,5,2,3,3,4,3,2,5,5,5,3,7.5,4,3,3,1,0,0,1,0,0,1,0,1,0,1,1,0,0,0,1,0,1,0,0,1,1,0,0,0,1,1,0,0,0,1,0,1,0,1,1,1,0,0,0,0,4,2,2,3,4,2,5,2,3,4,4,4,4,3,1,3,3,3,3,1,3,2,3,3,0,2,0,0,0,2,2,1,1,2,1,1,6,2,22117,1,0,1,1,1,1,0,1,1,1,1,0,0,0,0,0,0,1
172,6,6,5,3,6,3,5,4,5,6,5,6,3,5,6,2,4,2,1,2,1,1,2,5,3,2,2,2,2,1,1,1,1,1,1,9,4,5,5,1,0,0,1,1,0,1,1,1,1,0,1,1,1,1,0,1,1,1,0,1,1,1,1,1,1,0,1,1,1,1,0,1,0,1,1,1,0,1,0,1,2,2,1,2,1,1,1,2,2,4,4,4,5,2,1,1,2,1,0,2,2,1,1,2,0,0,1,2,1,2,2,2,2,5,1,1,1.5,2,,1,0,0,0,0,0,0,0,0,0,0,0,0,0,0,0,0,1
173,5,2,2,2,5,1,2,3,2,2,1,1,2,1,3,6,7,5,7,5,5,3,6,6,6,7,6,6,7,5,2,3,2,3,2,7,2,2,5,1,0,0,1,1,1,1,0,0,1,0,1,0,1,1,0,1,1,1,0,1,1,1,0,0,1,0,1,0,0,0,0,1,1,0,1,1,1,0,0,0,5,4,4,4,4,4,2,4,4,4,4,4,4,1,3,1,4,3,2,3,4,3,1,4,0,2,2,3,3,3,1,2,2,3,1,1,5.5,2,,0,1,0,1,1,0,1,1,1,0,1,0,0,0,1,1,1,0
174,3,4,3,2,2,4,4,2,3,2,1,4,1,3,4,5,5,5,6,3,2,2,5,5,3,5,5,5,5,2,2,3,3,2,3,8,3,4,4,1,0,0,1,0,0,0,0,0,0,0,1,1,0,0,0,0,0,0,0,0,0,1,1,0,1,0,0,0,0,1,0,0,1,1,1,0,1,0,1,0,4,4,4,4,4,4,4,2,4,4,2,2,4,3,1,1,3,4,1,2,3,2,3,3,1,4,1,1,1,1,1,2,2,2,1,1,5,2,20119,1,0,0,1,1,0,0,1,1,1,1,0,1,0,0,0,0,0
175,4,3,2,2,2,2,2,2,2,2,2,4,3,3,4,3,3,2,3,3,3,5,5,5,3,3,3,3,3,3,3,2,2,3,5,8,2,2,7,1,0,0,0,1,0,1,0,0,1,1,1,1,1,0,0,1,1,1,0,1,0,1,0,1,0,1,1,1,0,1,0,1,1,0,1,0,1,0,0,1,4,3,4,2,2,2,4,1,5,3,3,2,4,4,3,2,4,4,3,2,3,2,3,3,2,4,4,4,2,4,4,2,2,2,1,1,10,2,19063,1,1,1,1,1,1,0,1,1,1,1,1,1,1,1,1,1,1
176,5,6,5,3,6,2,6,2,3,5,1,6,3,4,5,5,7,2,7,1,5,2,1,5,5,6,5,5,5,3,1,1,1,1,1,7,4,4,1,1,0,0,1,0,0,1,0,1,1,0,1,0,0,1,1,1,1,1,0,1,1,1,1,0,1,0,0,1,0,0,0,0,0,1,0,0,1,1,1,0,4,1,2,1,2,4,5,2,1,1,2,4,1,2,2,3,3,1,3,4,4,1,1,1,0,3,2,0,2,1,1,1,1,3,"1,3",1,2.4,2,,1,1,1,1,0,1,1,1,0,0,0,0,1,0,0,1,0,0
177,5,3,2,4,6,3,3,4,5,4,5,6,1,5,6,5,6,4,6,3,2,3,6,3,3,5,5,3,5,3,6,6,7,5,7,7,4,4,2,1,0,0,0,0,0,1,0,0,0,0,1,1,0,0,0,0,0,0,1,0,0,1,0,0,1,1,0,0,0,0,0,0,0,0,0,0,1,1,0,0,2,2,2,4,3,4,4,2,4,4,4,2,3,2,1,0,4,3,0,1,1,0,0,2,0,1,2,2,1,1,2,2,2,5,1,1,16.1,2,13984,1,0,0,1,1,0,0,0,0,0,0,0,0,0,0,0,0,1
178,5,4,5,4,3,3,6,6,5,3,4,5,2,4,5,5,3,3,5,1,1,2,5,6,6,6,6,6,6,7,2,3,2,1,6,7,4,3,2,1,0,0,0,0,0,0,0,0,0,0,0,0,0,0,1,0,0,0,0,0,0,1,0,0,0,0,0,0,0,0,0,0,0,1,1,0,0,0,0,0,3,2,2,4,4,2,2,3,4,2,3,4,4,1,1,1,2,3,0,2,3,1,4,2,0,3,0,1,3,1,2,2,2,2,1,1,4.5,2,22489,0,0,0,0,1,0,0,1,0,1,0,0,1,0,0,1,0,1
179,6,6,3,2,6,3,6,4,2,2,2,5,3,3,6,5,6,6,4,6,6,6,4,6,6,6,6,6,6,6,5,6,5,6,6,8,3,3,2,1,1,0,0,1,0,0,0,1,1,0,0,0,0,1,0,1,1,1,0,0,0,1,1,0,1,0,0,0,0,1,0,0,1,1,1,0,1,0,0,0,4,4,4,4,4,4,5,2,2,3,4,5,5,2,1,0,2,2,1,1,2,0,0,4,1,2,1,1,2,1,0,2,2,2,1,1,5.1,1,22492,1,0,0,0,0,0,0,0,0,0,1,0,0,0,0,1,0,0
180,5,5,2,4,5,1,2,2,2,2,2,1,3,3,5,4,5,3,4,6,4,5,6,6,4,6,5,6,6,5,1,1,1,1,1,7,3,2,4,1,0,0,1,0,0,1,0,1,1,0,1,0,1,1,1,1,1,1,0,1,1,1,1,0,1,0,1,1,0,0,0,1,0,0,1,1,1,1,0,1,4,4,2,5,5,3,4,4,4,3,4,3,3,1,3,0,4,3,2,1,3,2,1,2,0,3,0,4,0,3,1,1,1,1,1,1,6.1,2,,0,1,0,1,1,0,0,1,1,0,0,0,1,0,1,0,1,0
181,4,5,3,3,3,3,3,5,3,3,3,4,4,5,4,6,4,3,4,5,4,4,4,4,5,5,5,5,5,5,4,5,5,5,5,8,4,4,6,1,0,0,1,0,0,0,0,1,1,0,1,1,1,0,0,0,1,1,0,1,1,0,0,0,0,0,1,1,1,1,1,1,0,1,1,1,0,0,1,0,4,4,3,4,4,5,4,5,3,4,4,2,3,1,1,1,1,1,1,3,3,1,2,3,2,3,2,2,2,2,2,1,1,1,1,1,3.1,1,22360,0,0,0,0,0,0,1,1,0,0,1,1,1,0,0,1,0,1
182,4,3,2,4,5,5,3,4,3,4,2,1,3,2,2,6,5,3,4,5,2,5,6,6,5,6,4,6,6,6,3,2,2,2,6,6,4,4,3,2,0,0,0,0,0,0,0,0,0,0,1,0,0,0,0,1,1,1,0,0,0,1,0,0,1,0,0,0,0,0,0,0,0,0,0,0,1,1,0,0,4,3,4,4,3,2,4,2,2,4,3,4,2,1,2,2,3,3,3,1,3,3,3,4,1,3,2,2,1,1,1,2,2,2,1,1,4,1,,0,1,1,1,1,1,0,1,1,1,1,0,1,0,0,0,0,0
183,2,3,3,1,1,2,1,2,1,1,1,1,1,2,4,5,6,4,6,4,4,5,6,5,4,6,3,3,6,2,2,2,2,5,3,6,2,2,7,1,0,0,1,1,0,1,0,1,1,0,1,0,0,0,0,1,1,1,0,1,1,1,1,0,1,0,1,1,0,0,0,1,1,0,1,0,1,1,0,1,2,4,1,4,3,2,4,2,4,4,3,3,5,1,0,2,1,4,3,2,1,3,2,1,0,3,4,1,2,1,1,2,2,4,1,1,3.9,1,22498,0,0,1,0,1,1,0,0,1,0,0,0,1,1,0,1,0,0
184,2,2,2,1,6,4,3,3,3,3,3,2,2,2,2,5,5,2,6,7,7,6,6,6,7,7,7,7,7,4,1,3,3,3,1,7,4,2,3,1,0,0,1,0,0,0,0,1,1,0,1,1,1,1,1,0,0,1,0,0,0,1,1,1,1,1,0,1,0,0,0,1,1,1,1,0,1,0,1,0,4,4,5,5,4,4,4,4,4,4,3,1,2,1,0,0,4,4,3,3,4,2,1,2,1,2,3,4,4,3,3,2,2,2,1,1,3.2,1,18382,0,0,0,1,1,1,1,1,1,0,0,0,0,1,1,1,1,1
185,2,6,3,2,1,1,2,2,2,2,2,3,2,3,6,7,7,7,7,6,7,5,4,6,7,7,5,5,6,7,3,5,3,3,7,6,3,2,3,1,0,0,0,1,0,0,0,1,1,0,1,0,1,0,0,0,0,0,0,0,0,1,0,0,1,1,1,1,0,0,0,1,0,0,1,0,1,0,0,0,4,2,2,4,2,2,4,1,1,3,4,4,4,0,1,0,3,4,3,1,3,2,3,1,0,3,3,0,2,0,3,2,2,2,1,1,4.9,1,,0,0,0,1,1,1,0,1,1,1,0,0,1,1,0,1,0,1
186,3,5,4,3,3,3,4,3,2,4,2,5,2,3,3,6,5,4,5,4,5,5,4,5,5,5,5,5,5,4,3,4,4,2,5,8,4,3,2,1,0,0,1,0,0,0,0,0,0,0,1,0,0,1,0,0,1,0,0,1,1,1,0,0,1,0,0,1,0,0,0,1,0,1,1,0,0,0,1,0,4,3,3,4,3,2,4,3,4,4,4,3,4,2,1,2,3,2,3,2,2,1,1,2,1,2,2,3,2,2,1,2,2,1,1,1,4.9,1,22282,1,0,1,1,0,1,0,0,0,0,0,0,0,0,1,1,0,0
187,3,4,3,2,5,1,2,3,3,3,2,4,1,2,4,4,5,3,5,5,4,4,5,4,4,4,4,4,5,4,1,2,1,3,1,9,2,2,7,1,0,0,1,1,0,1,0,0,1,0,1,0,1,1,0,0,1,1,0,0,0,1,1,0,1,1,0,1,0,0,0,1,0,0,0,0,1,1,0,1,3,1,2,2,1,1,2,1,2,2,2,2,3,0,0,1,2,4,2,2,2,1,1,2,1,4,4,2,2,0,2,2,2,4,5,1,5.9,2,12343,0,0,0,0,1,0,0,0,0,0,0,0,1,1,0,1,0,1
188,2,5,3,3,5,5,4,3,4,4,3,3,1,4,6,2,6,2,5,5,1,2,6,6,3,6,5,5,6,3,2,2,2,6,5,7,4,3,3,1,0,0,0,0,0,1,0,0,0,0,1,0,0,1,1,0,0,0,0,0,1,1,0,0,1,0,0,0,0,0,1,0,1,0,0,0,1,0,0,0,4,4,2,4,4,4,4,2,2,4,2,4,4,3,2,1,3,1,1,1,2,3,2,3,0,1,2,0,2,1,1,2,2,4,1,1,2,2,,1,1,0,1,0,0,0,0,1,0,1,0,0,0,0,1,0,0
189,4,3,4,2,4,2,4,3,5,4,3,5,3,3,6,2,5,2,5,5,1,2,6,6,3,5,5,5,5,2,1,2,3,2,5,7.5,4,3,4,2,0,0,1,0,0,1,0,1,0,0,0,0,0,1,0,1,1,0,0,1,0,1,0,0,1,0,0,0,0,0,0,0,0,0,0,0,0,0,1,1,2,1,1,3,2,2,4,2,2,4,3,2,4,1,2,2,4,3,1,2,2,1,3,3,0,1,2,2,2,1,2,2,2,4,1,1,3.9,2,,0,1,1,1,1,0,0,0,0,1,1,0,0,0,0,1,0,1
190,5,5,4,4,6,6,6,5,5,4,6,6,4,5,6,5,5,2,5,1,1,1,1,1,3,2,1,2,1,1,1,1,1,1,1,10,4,5,1,1,1,0,1,0,0,1,0,0,1,0,1,1,1,0,0,1,1,1,1,1,1,1,1,0,1,1,1,1,0,0,0,1,1,1,1,0,1,0,1,1,1,1,1,1,1,1,2,1,1,1,1,2,3,2,1,1,1,2,0,1,2,0,1,1,0,1,0,1,0,0,0,2,2,2,3,1,1,2,22327,1,0,0,0,0,0,0,0,0,0,0,0,0,0,0,0,0,0
191,6,6,5,3,3,5,3,4,4,4,2,2,2,3,4,2,3,1,2,2,1,2,5,6,2,3,3,2,3,1,1,1,2,1,6,7,4,4,3,1,1,0,1,1,0,1,0,1,1,0,1,0,0,0,0,1,1,1,0,0,1,1,1,0,0,0,0,1,0,1,0,0,0,1,1,0,1,0,0,1,2,1,1,3,4,3,4,3,1,5,2,4,4,1,2,2,3,4,2,1,2,1,3,2,0,2,1,2,2,0,1,2,2,6,1,1,3,2,,0,1,1,1,1,0,0,0,0,1,0,0,0,0,0,1,0,0
192,4,6,3,1,6,6,5,4,4,5,4,3,1,4,3,6,7,2,7,3,6,6,7,6,5,5,6,5,6,2,1,6,7,2,2,8,3,2,7,1,1,0,0,0,1,1,0,1,1,0,1,1,1,0,1,1,0,1,0,0,1,1,0,0,1,0,1,0,1,1,0,1,1,0,1,0,1,0,0,0,4,1,3,5,2,4,5,2,1,2,1,5,5,1,2,1,4,2,1,2,3,1,1,4,0,2,2,2,1,1,1,2,2,2,1,1,3.5,2,,0,1,0,1,0,0,0,1,0,0,1,0,0,0,0,0,0,0
193,3,5,3,2,2,4,3,4,3,3,3,4,3,3,4,5,6,5,7,6,6,6,7,6,5,5,3,5,5,3,2,3,3,2,2,7,4,4,5,1,0,0,0,0,0,0,0,0,0,0,0,0,0,1,0,0,1,0,0,0,1,1,0,0,1,1,1,1,0,0,0,1,0,0,0,0,1,0,0,1,4,4,3,4,4,5,5,4,4,3,4,2,3,3,1,1,2,4,3,1,2,1,3,4,4,2,3,2,1,2,2,2,2,3,1,1,3.9,2,,1,0,0,0,1,1,0,0,0,1,1,1,0,1,0,0,0,1
194,2,2,3,2,2,2,4,5,1,4,5,6,2,3,5,2,5,2,5,3,3,6,6,6,3,2,2,3,2,2,2,2,2,5,5,8,4,3,8,1,0,0,1,1,0,0,0,0,0,0,1,0,0,1,0,0,1,0,0,1,1,1,1,0,1,0,0,1,0,1,0,1,0,1,0,0,1,1,0,0,4,4,2,4,4,4,4,4,4,4,3,2,4,1,1,0,2,4,3,2,3,1,3,3,0,3,3,2,0,0,1,2,2,5,1,1,8.1,2,11197,0,0,0,0,1,1,0,1,0,1,1,0,1,1,0,0,0,0
195,2,6,5,5,6,1,1,1,6,6,1,6,4,6,6,4,7,6,6,2,4,2,7,7,5,7,7,7,7,6,2,2,2,6,6,8,4,5,4,1,0,0,0,0,0,1,0,0,1,0,1,0,1,1,1,1,1,0,0,1,1,1,1,0,1,0,1,1,1,1,0,1,0,1,1,1,1,1,0,0,3,1,2,2,2,2,2,4,4,4,3,4,4,2,2,2,4,3,4,2,1,2,2,3,0,2,0,0,4,0,2,1,1,2,1,1,3.5,2,,1,1,1,1,1,1,0,0,1,0,1,0,0,0,0,1,0,1
196,3,3,3,2,2,2,2,3,2,2,1,4,3,2,4,5,5,6,5,4,5,6,7,5,5,7,5,6,7,5,4,4,5,5,3,8,4,4,2,1,0,0,1,0,0,0,0,0,0,0,1,0,0,0,0,1,1,0,0,0,1,1,1,0,1,0,1,0,0,0,0,0,1,1,0,0,1,0,0,0,4,4,3,4,3,3,4,3,3,4,4,4,4,2,2,1,2,3,2,2,2,2,2,3,1,2,1,3,3,4,3,2,2,3,1,1,2.8,2,19276,1,1,0,0,1,0,0,0,1,0,1,0,0,0,1,1,1,1
197,3,6,1,2,4,1,1,1,1,2,4,5,1,4,1,7,7,1,7,7,7,7,5,7,3,5,6,3,2,4,2,3,2,1,4,5,3,4,2,1,1,0,0,0,0,1,0,0,0,0,1,0,0,1,1,1,0,1,0,0,1,1,0,1,1,0,0,0,0,1,0,0,0,0,0,0,1,1,0,0,4,4,3,3,3,3,4,2,3,3,3,4,4,2,2,2,2,2,2,2,2,2,2,2,2,2,2,2,2,2,2,2,2,2,5,1,24,2,22210,1,1,1,0,0,0,0,0,1,0,0,1,0,0,0,1,0,1
198,5,6,3,2,4,1,2,3,2,4,3,5,1,3,2,5,6,5,6,3,1,4,5,6,5,7,5,6,5,4,1,2,2,5,2,7,4,2,3,1,0,0,1,0,0,1,0,0,0,0,1,1,0,0,0,0,1,1,1,0,1,1,1,0,0,1,0,0,0,0,0,1,0,0,0,0,1,1,0,1,4,1,1,3,3,4,5,2,3,4,3,2,2,1,3,3,4,4,2,1,2,1,1,2,0,4,2,2,1,1,2,2,3,3,1,1,5,2,19261,0,1,1,1,1,0,0,0,0,0,0,0,1,0,0,0,0,1
199,3,5,4,3,5,2,3,3,3,3,3,2,3,3,5,5,6,3,5,4,5,2,5,5,5,6,5,5,5,5,2,2,3,4,2,7,3,3,3,1,0,0,1,1,0,1,0,0,1,0,1,0,0,0,0,1,1,1,0,0,1,1,1,0,1,1,1,1,0,0,0,0,0,0,0,0,1,1,0,1,2,2,3,4,2,3,4,4,3,4,3,3,4,1,1,0,1,1,2,1,2,1,1,2,1,1,2,3,3,2,2,2,2,4,1,1,3,2,13975,0,0,0,0,0,0,0,0,0,0,0,0,0,0,1,1,0,1
200,2,4,3,3,3,4,3,4,3,4,3,2,2,2,2,5,5,5,4,2,4,5,5,5,6,6,6,6,6,6,3,3,3,4,3,8,4,3,2,1,1,0,1,0,0,1,0,0,1,0,1,0,1,0,0,0,1,1,0,1,1,1,1,1,1,0,1,1,0,1,0,1,0,1,0,1,0,0,1,1,3,3,2,2,2,4,3,4,4,4,3,5,4,1,1,2,2,4,2,2,2,1,2,3,0,2,1,3,4,2,1,2,2,1,1,1,6,2,21271,0,0,1,0,1,0,0,0,0,0,1,0,0,0,1,1,0,0
201,3,3,4,1,6,5,3,3,2,3,2,3,3,2,5,5,6,6,4,2,2,2,2,6,5,6,4,5,6,7,2,1,1,6,4,9,5,4,1,1,0,0,0,0,0,0,0,0,0,0,0,0,0,0,0,1,1,1,0,0,0,1,1,0,0,0,1,0,0,0,0,0,0,0,0,0,0,0,0,1,4,2,2,4,2,2,4,2,2,4,3,2,2,2,1,0,2,2,2,1,3,1,1,1,2,3,1,2,3,2,2,2,2,2,1,1,2,2,20113,1,0,0,0,0,0,0,1,0,0,0,1,1,0,0,1,0,1
202,5,6,4,5,4,3,4,3,3,3,3,6,4,3,3,1,2,1,4,1,1,2,4,2,5,5,4,5,4,3,1,1,1,1,1,8,3,3,7,1,0,0,0,0,0,1,0,0,0,0,0,0,0,1,0,0,0,1,0,0,1,1,0,0,0,1,0,0,0,0,0,0,0,0,0,0,1,0,0,0,2,2,2,2,3,2,3,2,2,3,2,4,3,1,2,2,3,4,4,2,2,2,3,3,0,3,3,2,3,1,1,2,2,2,1,1,12.5,1,21868,0,1,1,1,1,1,0,0,1,1,1,0,1,1,0,1,0,0
203,3,5,3,2,4,5,2,3,2,3,4,2,2,2,4,5,5,3,6,6,5,5,7,6,7,7,7,7,7,7,5,4,4,5,2,7,3,3,5,1,0,1,1,1,0,0,0,0,0,0,0,0,0,1,0,1,1,1,0,0,0,1,1,0,1,0,0,1,0,1,0,1,0,0,1,1,0,0,0,1,4,4,2,4,4,4,4,3,4,4,5,3,3,2,2,1,2,0,4,1,2,1,1,2,0,3,3,2,2,1,1,2,2,1,1,1,6.1,2,22510,1,1,0,0,0,1,0,0,0,0,0,0,1,1,0,1,0,0
204,4,3,4,3,3,5,3,3,4,3,3,6,2,3,3,4,5,5,5,3,2,4,6,6,6,6,6,6,5,6,2,2,3,3,5,7,4,4,2,1,0,0,1,0,0,0,0,0,0,0,1,0,0,1,0,1,1,1,0,1,0,1,1,0,1,1,0,1,0,1,0,0,0,0,1,0,0,1,1,1,4,2,2,4,4,4,4,3,2,3,4,4,2,1,1,1,3,3,2,2,3,1,2,3,1,1,2,0,1,1,1,2,2,6,1,1,8,2,19402,0,0,0,1,1,0,0,1,0,0,1,0,0,0,0,0,0,0
205,3,3,3,2,4,2,2,3,4,4,2,3,2,3,5,3,2,2,3,3,2,6,6,5,5,5,5,3,5,2,2,2,5,3,6,7,3,3,7,1,0,0,1,1,0,1,0,0,1,0,0,0,1,0,0,1,1,0,0,0,1,1,1,0,1,1,0,1,0,0,0,1,1,1,1,0,1,0,1,0,2,2,2,4,3,3,4,2,4,3,3,4,4,1,1,2,2,4,2,2,3,2,3,2,0,3,1,2,4,1,2,2,2,3,1,1,5,2,17035,0,0,1,0,1,0,0,1,1,1,0,0,1,0,0,1,0,1
206,5,5,2,2,3,5,4,3,2,3,3,5,2,2,5,1,6,4,6,6,6,6,6,6,6,6,6,6,6,5,2,6,6,3,7,7,2,2,7,1,0,0,1,1,0,1,0,0,0,0,1,1,1,0,0,0,0,0,0,0,0,1,1,0,0,0,0,1,0,0,0,1,1,0,1,0,1,1,0,1,5,5,4,4,4,4,4,4,4,4,4,5,4,3,2,0,3,1,2,1,3,2,2,3,1,1,2,1,2,2,2,2,2,3,1,1,6.8,2,18994,1,1,0,1,0,0,0,1,1,0,1,0,0,0,0,1,0,1
207,3,3,2,1,2,2,1,3,4,3,2,5,1,3,3,7,7,5,7,3,3,6,4,7,5,5,6,5,7,5,5,6,5,5,7,8,2,2,1,1,0,0,0,0,0,0,1,1,0,0,0,1,0,0,1,0,0,0,0,1,1,1,1,0,0,0,1,1,1,0,1,1,0,1,1,0,1,0,1,1,5,5,2,4,4,5,5,4,4,4,4,5,5,4,3,4,4,4,2,4,4,2,4,3,1,3,1,1,2,2,2,1,1,1,1,1,10.5,2,22420,1,1,1,1,1,0,1,1,1,1,1,0,1,0,0,1,0,1
208,6,5,4,2,6,3,3,4,4,5,4,6,1,4,6,1,7,1,7,1,1,3,2,2,1,2,1,1,1,1,1,1,1,1,1,7,2,1,2,1,0,0,0,1,0,0,0,1,0,0,0,0,0,0,1,0,0,0,0,1,1,0,1,1,0,0,0,0,0,0,0,0,1,1,0,0,1,0,0,0,1,1,1,1,1,2,3,1,2,3,2,2,5,2,2,0,2,3,1,3,3,1,1,1,1,2,2,1,1,1,1,1,1,5,1,1,1,2,22015,1,1,0,0,1,0,1,1,0,0,0,0,0,0,0,0,0,0
209,4,5,3,6,5,6,5,5,5,5,3,5,2,4,2,3,3,4,5,6,1,1,1,5,3,3,3,3,3,3,3,5,5,5,4,8,2,3,7,1,1,0,0,0,0,1,1,0,1,0,1,1,0,1,1,1,1,1,0,0,0,1,0,0,1,1,0,0,1,0,0,1,1,0,1,1,1,1,0,1,2,2,2,2,4,2,4,4,2,4,2,2,4,1,1,1,3,2,2,1,2,1,1,3,1,2,2,2,2,3,1,2,2,2,1,1,4,2,22114,0,0,0,1,0,0,0,0,0,0,1,0,0,0,0,1,1,0
210,3,6,5,3,3,5,3,3,4,4,3,6,5,4,4,3,2,2,4,5,2,2,2,2,4,5,5,5,5,4,1,2,1,1,1,8.5,4,5,3,1,0,0,1,1,0,1,0,0,0,0,1,1,0,1,0,1,1,1,0,1,1,1,1,0,1,0,0,0,0,0,0,1,0,0,1,0,1,0,0,1,3,2,1,3,2,1,4,1,2,3,3,2,2,1,1,1,2,3,2,2,3,2,1,1,1,2,2,1,0,2,1,2,2,2,1,1,3,2,22192,0,0,0,0,1,0,0,1,1,0,0,0,0,0,0,0,0,0
211,5,6,5,4,6,4,6,6,4,5,5,6,5,5,6,2,4,2,5,4,4,2,5,4,4,6,5,5,6,3,1,1,2,1,1,7,3,4,2,1,0,0,0,0,0,0,0,0,0,1,0,1,0,0,0,1,1,1,0,0,0,1,0,0,0,0,0,1,0,0,0,1,1,0,1,0,1,1,0,0,4,2,2,2,4,2,4,2,2,4,3,3,3,0,0,1,2,3,2,0,2,0,2,2,0,2,1,1,1,1,1,2,2,1,1,1,3.1,1,22513,0,0,0,0,1,0,0,0,0,0,0,0,0,0,0,0,0,0
212,3,6,2,2,2,6,3,3,2,3,3,3,1,3,4,5,4,3,7,5,4,7,5,5,6,6,5,4,6,5,4,5,6,4,5,7,3,3,5,1,0,0,1,1,0,0,0,0,1,0,1,0,1,0,0,0,0,0,0,0,0,1,0,0,0,1,0,0,0,0,0,1,1,1,1,0,1,0,0,0,4,4,4,4,4,4,4,4,3,4,4,2,3,2,3,1,3,3,3,1,4,2,2,3,1,2,4,3,2,3,3,2,2,3,1,1,6.5,2,21949,1,1,0,1,1,1,0,1,1,0,1,0,0,1,1,1,1,1
213,6,5,5,3,4,2,4,4,3,3,3,5,4,3,5,5,6,4,6,5,1,5,1,6,2,2,2,2,2,5,2,5,2,2,3,8,4,4,3,1,0,0,0,0,0,0,0,0,1,1,1,0,1,1,0,1,1,0,0,1,0,1,1,0,1,0,0,1,1,1,1,1,1,1,0,1,0,0,0,0,2,3,4,4,3,4,4,2,2,4,4,2,4,1,1,2,1,3,3,1,3,2,4,2,0,3,1,1,1,1,2,1,1,2,1,1,4.6,2,21919,0,0,1,0,1,1,0,1,1,1,0,0,1,0,0,0,0,1
214,6,5,4,3,2,2,2,3,1,2,3,3,2,4,5,5,4,4,4,2,2,4,5,5,5,3,3,5,5,4,2,2,4,6,6,6,3,4,6,2,0,0,1,0,0,1,0,0,1,1,0,1,1,1,0,1,1,1,0,1,1,1,1,0,1,0,0,0,0,1,0,1,1,1,1,1,1,1,0,0,3,2,2,4,3,2,4,3,2,2,3,3,4,2,1,2,2,3,3,2,3,1,2,1,0,2,1,2,2,1,0,2,2,4,1,1,8.5,1,,1,0,1,0,1,1,0,1,0,0,0,0,0,0,0,1,0,0
215,4,3,3,3,4,6,3,5,4,4,4,3,2,2,1,5,6,4,6,4,4,3,6,6,6,6,5,4,5,5,5,4,4,6,3,6,3,2,3,1,1,0,1,0,0,0,0,0,1,0,1,0,1,0,1,1,1,0,0,1,1,1,1,0,1,1,0,0,0,0,0,0,1,1,0,0,1,1,0,1,3,3,2,4,3,3,3,2,2,4,2,3,4,1,1,2,2,2,1,1,2,2,2,2,1,3,3,2,2,2,2,2,2,4,1,1,5.7,1,13495,0,0,1,0,0,0,0,0,1,0,0,0,1,1,0,1,0,1
216,5,4,5,3,5,5,5,5,5,5,3,5,3,4,5,3,5,2,5,2,2,2,3,5,5,6,3,5,5,4,2,2,3,2,3,6,3,4,5,1,0,0,1,1,0,1,1,0,0,0,0,0,0,1,0,1,1,1,0,0,1,0,1,0,1,1,1,0,0,0,0,1,1,0,1,0,1,1,0,0,4,2,4,3,4,2,4,2,4,4,4,2,4,1,1,2,2,3,2,1,2,1,1,2,0,2,1,2,1,0,1,2,2,2,1,1,6,2,21388,0,0,1,0,1,0,0,0,0,0,0,0,0,0,0,0,0,0
217,4,3,4,2,2,2,3,3,4,4,4,6,4,5,5,5,5,5,6,5,3,3,5,5,3,3,2,3,3,3,3,3,3,3,6,7,2,3,4,1,0,0,1,1,0,0,0,1,1,0,1,0,1,1,0,0,0,0,0,1,1,1,1,0,1,0,0,1,1,0,0,0,1,1,1,1,0,1,0,1,2,4,1,4,3,2,2,4,3,4,3,2,4,1,1,3,2,2,1,1,1,2,3,2,0,2,2,0,2,1,2,1,1,2,1,1,6.1,2,22519,0,0,1,0,0,0,0,0,1,1,0,0,0,0,0,1,0,1
218,3,3,3,2,3,1,2,4,2,3,2,3,2,3,4,5,6,6,4,5,4,3,3,5,6,6,6,6,6,6,2,2,2,6,2,6,4,3,3,1,0,0,1,1,0,0,0,0,1,0,0,1,1,0,0,0,0,0,0,1,0,1,0,0,1,1,0,0,0,0,0,1,1,0,1,0,1,0,0,0,3,2,2,4,4,4,4,2,4,4,4,3,4,1,1,2,2,4,2,2,2,2,2,2,2,2,2,2,2,2,2,2,2,4,1,1,4,2,13078,0,0,1,0,1,0,0,0,1,0,0,1,0,0,0,1,0,1
219,4,4,5,3,4,4,4,4,4,4,4,4,4,4,4,4,4,2,2,2,2,2,3,2,3,3,2,3,3,3,3,2,2,2,2,7,3,3,1,1,1,0,1,0,0,1,0,0,1,1,1,1,1,1,0,1,1,1,0,0,1,1,1,1,1,0,1,1,1,1,0,1,0,0,1,1,1,0,0,1,2,2,2,2,2,2,2,2,3,3,3,2,4,2,2,2,2,2,2,2,2,2,2,2,2,2,2,2,2,2,2,2,2,1,1,1,6,2,20608,1,1,1,0,0,0,0,0,1,0,0,1,0,0,0,1,0,1
220,6,6,5,5,5,5,6,5,5,5,5,6,5,5,6,2,3,1,5,1,1,1,2,2,1,2,1,2,2,1,1,1,1,3,2,7,4,4,2,1,0,0,1,0,0,1,1,0,1,1,1,0,0,1,1,0,1,0,0,1,1,1,1,0,1,0,0,1,0,0,0,1,0,1,1,1,1,0,1,1,3,2,3,2,3,2,4,2,3,4,3,2,3,2,1,1,3,2,0,2,2,1,1,1,0,1,0,0,0,0,1,1,1,4,1,1,2.5,2,,1,0,0,1,0,0,0,0,0,0,0,0,0,0,0,0,0,0
221,3,3,2,3,4,1,2,3,1,1,4,3,1,2,4,5,6,2,6,2,1,5,6,6,6,6,6,6,5,3,1,1,1,5,1,7,3,4,2,1,0,0,1,0,0,0,0,0,1,0,1,1,0,0,1,0,1,0,0,0,0,1,0,1,1,0,0,0,0,0,0,1,0,1,1,0,1,1,1,0,4,2,1,2,4,4,4,2,3,4,2,4,4,1,1,1,3,4,4,2,3,4,2,3,1,3,2,1,2,3,1,2,2,1,1,1,1.9,2,22435,0,0,0,1,1,1,0,1,1,0,1,0,1,0,0,1,1,0
222,5,6,5,4,4,4,3,4,4,3,3,3,3,3,3,5,6,6,6,7,6,6,7,6,4,7,7,5,6,4,2,1,1,3,1,7,3,2,3,1,1,0,1,0,0,1,1,0,0,0,1,0,0,0,0,1,1,1,0,1,1,1,1,0,1,0,1,1,1,1,0,0,1,1,1,0,0,0,1,0,3,3,4,5,5,4,4,2,3,4,3,4,4,1,0,0,3,3,2,2,4,1,1,2,0,3,1,3,2,2,2,2,2,2,1,1,3.9,2,16831,0,0,0,1,1,0,0,1,0,0,0,0,1,0,1,1,0,1
223,3,3,3,4,4,5,4,5,4,5,5,5,4,5,6,5,4,5,5,4,3,5,5,5,6,6,6,6,6,5,4,4,4,4,3,6,3,3,5,1,0,1,0,0,1,0,0,0,1,1,1,0,1,1,0,1,1,0,0,0,0,1,0,0,1,0,0,0,0,1,0,1,1,0,0,1,1,1,0,1,3,3,3,4,3,4,4,3,3,3,3,4,4,3,1,1,2,3,2,3,3,1,1,2,2,3,3,1,1,1,1,2,2,3,1,1,7.2,1,19096,1,0,0,0,1,0,1,1,0,0,0,1,1,1,0,0,0,0
224,4,6,5,4,3,3,4,5,6,5,5,4,4,3,3,3,4,2,6,5,2,3,2,6,7,6,6,6,7,5,2,1,2,1,3,6.5,3,4,1,2,0,0,1,1,0,1,1,1,0,0,1,0,0,1,1,1,1,1,0,1,1,0,1,0,1,0,0,1,0,0,0,0,0,0,0,0,0,1,0,1,3,3,1,4,4,4,4,3,2,4,3,4,4,3,3,2,4,2,2,1,2,2,1,4,1,2,2,2,1,1,2,1,1,2,1,1,2,2,,1,1,1,1,0,0,0,0,1,0,1,0,0,0,0,0,0,1
225,5,6,4,5,4,1,5,5,6,6,4,4,2,5,6,5,6,1,4,1,1,2,1,6,5,1,1,2,4,2,1,1,3,1,1,8,3,4,3,1,0,0,0,0,0,0,0,0,0,0,0,0,0,1,0,0,0,0,0,0,0,0,0,0,0,0,0,0,0,0,0,0,0,0,0,0,0,0,1,1,1,3,4,4,2,4,4,3,3,5,3,1,2,1,2,1,2,3,2,1,3,0,1,2,0,3,1,2,0,2,3,1,1,3,1,1,4,2,,0,1,0,0,1,0,0,1,0,0,0,0,1,0,0,0,0,1
226,3,5,2,3,6,3,1,2,1,4,3,4,1,4,1,5,6,3,6,3,4,7,3,3,3,3,3,5,4,6,2,5,6,2,3,6,3,1,3,1,0,0,1,1,0,1,0,1,0,0,0,0,0,1,0,0,1,1,0,0,1,1,1,0,1,0,0,0,0,0,0,1,1,1,1,1,1,1,0,0,2,2,4,4,2,3,4,4,2,5,4,5,5,2,2,1,3,4,2,1,2,4,3,1,0,4,3,0,1,0,1,2,2,1,1,1,5.5,2,,1,1,0,1,1,0,0,0,1,1,0,0,1,1,0,0,0,0
227,3,3,3,2,3,3,2,3,4,3,2,3,1,3,4,7,7,6,7,6,5,5,6,5,7,6,5,7,6,6,3,3,5,7,4,7,2,1,4,1,1,0,1,0,0,1,0,0,1,0,1,0,1,0,1,0,0,0,1,0,0,1,0,0,1,1,1,0,0,1,0,1,1,1,1,1,1,0,1,0,5,5,5,5,4,5,5,4,4,5,5,4,3,1,1,2,4,4,4,2,2,3,4,1,1,4,4,2,1,0,1,2,2,2,"1,3",1,6.5,2,22522,0,0,1,1,1,1,0,0,1,1,0,0,1,1,0,0,0,0
228,3,6,3,4,2,5,3,3,3,4,3,6,2,3,6,6,6,5,6,5,4,2,6,6,5,6,6,5,6,5,2,6,4,5,7,7.5,4,4,2,1,0,0,0,0,0,0,0,0,0,0,0,0,0,0,0,0,0,0,0,0,1,1,0,0,0,1,0,1,0,0,0,0,0,0,1,0,0,0,0,0,4,3,4,4,3,3,4,2,4,4,4,4,4,2,1,0,4,4,1,1,2,1,0,3,0,3,1,0,0,0,0,2,2,3,1,1,5,2,22333,1,0,0,1,1,0,0,0,0,0,1,0,1,0,0,0,0,0
229,5,5,4,5,5,4,4,5,6,6,5,5,4,5,3,2,5,1,2,2,3,2,3,5,2,1,2,1,2,1,1,1,1,2,2,7,2,4,5,1,0,1,1,0,0,1,0,1,1,0,1,0,1,0,1,1,0,0,1,0,0,0,1,0,1,1,0,1,0,0,0,0,0,1,0,1,0,0,0,1,3,4,4,4,2,3,4,3,4,5,3,3,4,2,1,1,2,0,1,2,3,1,2,2,0,1,2,1,3,1,2,1,1,3,1,1,3,2,22525,1,0,0,0,0,0,0,1,0,0,0,0,0,0,0,1,0,1
230,4,6,3,4,3,3,2,4,3,4,2,5,3,4,6,2,2,1,3,4,1,2,1,3,2,2,2,2,2,2,2,2,2,2,2,7.5,4,4,2,1,0,0,0,1,0,0,1,1,0,0,1,0,0,1,0,1,1,1,0,1,0,1,1,0,0,0,1,1,0,0,0,0,0,1,1,0,1,1,0,1,2,2,1,2,1,1,1,1,3,3,3,1,4,0,2,1,1,3,2,1,1,2,2,2,0,2,1,2,0,0,0,2,2,3,1,1,1.7,2,16861,0,1,0,0,1,0,0,0,1,0,0,0,0,0,0,0,0,0
231,2,5,3,5,4,3,4,4,4,5,3,6,3,3,3,4,3,5,5,6,6,6,4,4,7,7,6,7,6,7,4,4,3,3,4,7,2,2,2,1,0,0,1,1,0,1,1,0,1,1,1,1,1,1,0,1,1,1,0,1,1,1,1,1,1,1,1,1,1,0,0,1,0,0,1,0,1,1,0,1,4,5,5,4,4,3,2,3,4,4,3,2,2,2,1,3,2,3,2,2,3,1,1,2,1,2,1,2,1,1,1,2,2,2,1,1,3,2,22240,1,0,1,0,1,0,0,1,0,0,0,0,0,0,0,0,0,0
232,3,4,2,2,2,2,2,3,2,3,2,3,1,2,2,5,5,4,5,3,2,2,3,4,3,3,4,5,5,5,4,3,3,3,5,8,2,3,7,1,0,0,1,0,0,1,0,0,1,0,1,1,1,1,0,1,1,0,0,1,1,1,1,0,1,1,1,0,0,0,0,1,1,0,1,0,1,0,1,1,3,4,1,4,4,4,4,4,2,4,3,4,4,3,2,1,2,3,3,1,3,2,2,3,2,3,2,2,3,3,2,2,2,1,1,1,3,2,22051,1,1,0,0,1,1,0,1,1,0,1,1,1,0,0,1,1,1
233,5,5,6,4,5,5,3,4,2,4,5,6,3,3,4,2,5,2,5,2,2,5,2,5,5,6,6,5,6,4,2,1,1,1,1,9,3,5,3,1,0,0,1,1,0,0,0,0,0,0,1,0,0,1,0,0,1,0,0,1,1,1,1,1,0,0,1,0,0,0,0,1,0,0,0,0,1,1,0,1,4,2,1,1,4,3,4,1,1,4,3,4,4,1,1,0,2,3,2,2,1,1,1,2,0,2,4,1,2,1,1,2,3,2,5,1,3.3,2,22384,0,0,0,0,1,0,0,0,0,0,0,0,0,1,0,1,0,0
234,5,4,4,5,5,4,5,5,4,4,5,4,4,5,4,5,2,2,2,1,1,1,6,4,2,2,2,2,2,2,2,2,2,2,2,6,4,3,2,1,1,0,1,0,0,1,0,1,0,1,1,0,1,1,0,1,1,1,0,1,1,1,1,0,1,1,1,1,1,1,0,1,1,0,0,1,1,1,0,1,2,1,2,1,1,1,1,2,3,3,3,2,1,2,2,1,2,3,3,1,2,1,2,2,0,2,1,1,2,1,1,2,2,2,1,1,3.3,1,19417,1,1,0,0,1,1,0,0,0,0,0,0,0,0,0,1,0,0
235,3,3,2,4,4,4,2,4,1,3,3,5,3,3,4,4,4,4,4,5,5,2,4,6,5,5,4,4,5,4,4,4,4,4,4,7,3,3,3,1,0,0,1,1,0,1,0,0,1,0,1,1,1,1,0,1,1,1,0,1,1,1,1,0,1,1,1,1,0,1,0,1,1,0,1,0,1,1,0,1,2,1,1,4,4,2,4,1,4,4,4,2,4,1,1,0,2,4,3,1,1,2,2,2,1,2,3,3,2,1,2,2,2,1,1,1,4.1,2,21862,0,0,0,0,1,1,0,0,1,0,0,0,0,1,1,1,0,1
236,5,5,3,2,4,5,4,5,2,5,3,3,2,4,3,7,7,2,7,7,7,7,7,7,6,6,7,6,6,6,6,6,6,6,7,8,3,3,5,1,1,0,1,0,0,0,0,0,1,0,1,1,1,1,0,1,1,0,0,0,1,0,1,0,1,1,0,1,0,1,0,0,1,0,1,1,0,0,0,1,5,5,5,5,5,4,4,2,4,4,4,4,5,1,1,2,2,4,2,1,2,1,1,3,3,4,4,3,0,1,2,2,2,1,1,1,7.3,2,19636,0,0,1,0,1,0,0,0,0,0,1,1,1,1,1,0,0,1
237,4,3,3,3,4,3,3,4,4,3,4,5,4,3,4,5,5,5,5,3,3,5,5,3,3,3,5,3,5,3,3,4,4,1,5,7,4,2,2,1,0,0,1,0,0,1,0,1,0,0,1,0,1,0,1,1,1,1,0,1,1,1,1,0,1,0,1,0,0,0,0,1,1,0,0,0,0,0,1,0,2,2,2,4,4,4,4,4,4,4,4,4,4,2,2,2,2,2,2,2,2,2,2,2,2,2,2,2,2,2,2,2,2,3,1,1,10.1,2,22135,1,1,1,0,0,0,0,0,1,0,0,1,0,0,0,1,0,1
238,5,6,6,5,6,6,6,5,5,6,6,6,5,6,6,1,5,2,4,1,2,2,5,5,4,6,6,5,5,3,1,1,1,1,1,7,4,2,1,1,0,0,1,0,0,1,0,0,0,0,1,0,0,1,0,1,1,1,0,0,1,1,1,0,1,0,0,0,0,0,0,1,0,1,0,0,1,0,0,1,2,1,1,1,2,3,4,1,3,2,3,3,2,1,0,1,1,2,1,1,2,0,1,2,0,1,0,1,0,0,1,2,2,3,1,1,5,2,21994,0,0,0,0,0,0,0,0,0,0,0,0,0,0,0,0,0,0
239,3,4,3,3,5,4,2,3,3,3,4,1,2,3,2,3,3,2,5,2,4,2,6,4,5,5,4,6,6,6,1,5,2,6,1,8,3,3,4,1,1,0,1,1,0,1,0,0,1,1,1,0,1,1,0,0,1,0,0,1,1,1,1,0,1,1,0,0,1,1,0,0,1,0,0,1,1,1,0,0,2,2,3,2,3,4,4,3,3,4,4,3,2,2,2,1,2,4,3,2,3,2,3,3,1,2,4,2,3,2,3,2,2,5,1,1,3.5,1,19420,1,1,0,0,1,1,0,1,1,1,1,0,0,1,0,1,0,1
240,3,5,3,4,3,4,4,4,4,5,4,6,2,3,3,5,5,3,6,2,1,2,5,5,3,7,6,5,6,2,1,1,3,5,1,9,3,2,2,1,0,0,0,1,0,0,0,0,0,0,1,0,1,1,0,0,0,0,0,1,0,1,0,0,1,0,0,0,0,0,0,1,0,1,1,0,1,0,0,0,2,1,4,4,1,1,4,5,2,5,4,2,4,1,1,2,4,4,2,2,4,2,2,3,1,2,3,2,2,1,2,2,2,1,1,1,6,2,19852,0,0,1,1,1,0,0,1,1,0,1,0,0,1,0,1,0,1
241,4,6,6,3,5,6,6,6,4,5,5,6,4,5,5,2,4,4,3,1,1,2,1,1,2,6,1,2,2,2,2,2,2,2,2,8,4,2,3,1,0,0,0,0,1,1,0,0,1,0,1,0,0,1,1,0,1,1,0,0,1,1,1,0,1,0,0,0,0,0,0,1,1,1,0,0,1,1,0,1,2,2,2,2,2,2,2,2,2,2,2,4,4,1,1,1,2,2,1,1,3,2,1,1,1,1,1,1,1,0,0,2,2,3,1,1,4,2,19210,0,0,0,0,0,0,0,1,1,0,0,0,0,0,0,0,0,0
242,5,6,3,6,4,3,6,5,5,5,3,6,3,5,2,5,5,4,6,2,1,5,3,5,2,5,5,5,5,5,3,5,5,7,2,7,4,3,2,1,0,1,1,0,0,1,0,0,0,0,1,0,0,1,0,1,1,1,0,0,1,1,1,1,0,0,1,1,0,0,0,1,1,1,1,0,1,0,0,1,3,2,4,2,2,4,4,4,1,4,2,5,5,1,1,0,3,3,1,1,3,1,1,2,0,0,0,4,1,3,1,2,2,2,1,1,2.5,1,22330,0,0,0,1,1,0,0,1,0,0,0,0,0,0,1,0,1,0
243,3,4,5,6,4,1,5,5,5,5,1,5,4,4,6,4,6,5,6,1,1,1,1,5,1,1,1,1,1,1,1,1,5,1,5,7,3,4,2,1,1,0,1,1,1,1,1,1,1,1,1,0,0,1,0,0,1,0,0,0,1,1,1,1,1,0,1,1,0,1,0,1,0,1,0,1,1,1,0,0,2,2,1,4,2,4,4,1,1,3,3,2,1,1,1,2,0,4,4,1,3,0,2,4,1,4,1,3,2,2,2,1,1,4,"1,4",1,3.5,2,22537,0,0,1,0,1,1,0,1,0,0,1,0,1,0,1,1,0,1
244,4,6,5,2,6,6,5,5,6,6,6,6,5,5,6,2,6,2,6,5,3,3,3,5,3,5,2,2,2,2,1,2,3,1,2,8,4,2,2,1,0,0,0,0,0,1,0,0,1,0,0,1,1,0,0,0,1,1,0,0,1,1,0,0,0,1,1,0,0,1,0,1,0,0,1,0,1,0,0,0,2,2,4,4,2,2,2,1,1,4,3,4,4,2,1,1,4,3,2,2,2,1,1,2,0,2,2,0,0,0,0,2,2,3,1,1,3.5,2,18469,1,0,0,1,1,0,0,0,0,0,0,0,0,0,0,0,0,0
245,3,3,3,3,2,4,3,4,4,3,2,5,4,4,5,5,6,5,5,3,3,4,5,5,5,5,5,5,5,5,5,5,6,6,4,6,2,2,9,1,0,0,1,0,0,0,0,0,1,0,1,0,1,1,0,1,1,1,0,1,1,0,1,1,1,1,0,1,0,1,0,0,0,1,0,1,1,0,0,1,3,3,3,2,4,4,3,3,4,4,4,2,5,1,1,2,2,2,2,1,2,1,3,2,3,1,1,2,1,2,3,1,1,2,1,1,3.8,2,17359,0,0,1,0,0,0,0,0,0,1,0,1,0,0,0,0,0,1
246,6,5,3,5,5,5,4,5,4,5,3,6,2,4,6,6,5,3,3,2,2,2,6,5,6,6,6,6,7,3,2,2,2,2,2,4,1,1,13,2,0,0,1,0,0,1,0,0,1,0,1,1,0,0,1,1,0,1,1,0,1,1,1,0,1,1,1,1,0,1,0,1,1,1,1,1,1,1,0,1,2,2,3,4,3,2,4,1,4,3,4,2,3,1,0,2,2,3,1,2,3,2,1,2,1,3,3,1,2,1,1,2,3,1,1,1,4.7,2,22081,0,0,1,0,1,0,0,1,1,0,0,0,1,1,0,1,0,0
247,4,5,4,5,5,3,4,5,3,4,5,6,3,4,3,2,6,5,5,6,5,5,3,6,6,3,5,5,4,3,2,2,1,5,4,9,4,5,1,1,0,0,0,0,0,1,0,0,1,0,0,1,0,0,1,0,0,0,1,0,0,1,0,0,0,0,0,0,0,0,0,1,1,1,1,0,1,0,0,0,5,5,4,4,4,4,4,2,4,2,4,2,3,2,1,0,2,1,0,2,1,1,1,1,0,1,1,1,2,1,2,2,2,3,1,1,5.2,2,20686,1,0,0,0,0,0,0,0,0,0,0,0,0,0,0,1,0,1
248,6,6,2,6,6,1,5,5,2,5,2,3,1,5,3,2,2,1,1,5,2,1,7,1,1,7,3,2,6,5,1,1,1,1,1,3,1,1,1,2,0,0,0,0,0,0,0,0,0,0,0,0,0,0,1,1,1,0,0,1,1,1,0,0,0,0,0,1,0,0,0,0,0,0,0,0,1,1,0,1,1,1,1,3,2,1,1,1,4,2,4,1,4,1,1,3,0,4,4,1,1,2,1,2,4,4,4,1,1,0,1,2,2,10,1,1,4,2,22540,0,0,1,0,1,1,0,0,1,0,0,1,1,1,0,0,0,0
249,5,5,3,5,3,3,4,4,5,5,3,5,3,2,3,3,3,2,5,2,1,2,2,5,2,4,2,2,4,2,2,2,2,1,2,8,4,4,4,1,1,0,0,0,0,1,0,0,1,0,1,1,1,1,0,0,1,1,0,0,0,0,0,0,1,0,0,0,0,1,0,1,1,0,0,1,0,0,1,1,2,1,1,2,4,4,4,3,3,4,3,2,4,2,1,1,3,4,2,2,3,2,2,3,2,4,2,1,2,1,1,1,1,3,1,1,3,2,22096,1,0,0,1,1,0,0,1,1,0,1,1,1,0,0,1,0,0
250,3,3,3,2,2,2,3,3,5,3,3,3,3,3,6,5,6,3,6,5,4,4,7,6,6,6,6,6,7,5,2,3,3,4,4,6,2,1,13,1,1,0,1,0,0,1,0,1,1,0,1,1,0,0,1,1,1,1,1,0,0,1,1,1,1,1,1,0,1,0,0,1,0,0,1,1,1,1,0,1,3,2,2,5,3,2,5,3,3,4,2,3,4,1,1,2,4,3,3,2,2,2,2,3,2,3,4,1,1,1,1,2,2,6,1,1,8,2,12112,0,0,1,1,1,1,0,0,1,0,1,1,1,1,0,0,0,0
251,3,3,4,2,5,1,2,2,1,2,1,2,1,3,2,6,6,6,7,4,3,5,5,6,5,5,5,5,5,3,2,3,5,5,2,8,3,2,3,1,0,0,0,1,0,0,0,0,0,0,1,0,0,0,0,1,1,0,0,1,0,1,1,0,0,1,0,0,0,0,0,1,1,0,1,0,1,1,0,1,5,4,1,4,4,4,5,3,2,4,4,5,5,3,3,4,4,4,4,3,3,3,1,3,0,3,2,1,3,1,1,2,2,2,1,1,6,1,22543,1,1,1,1,1,1,1,1,1,0,1,0,1,0,0,1,0,0
252,3,3,5,2,5,2,2,3,3,2,2,2,2,2,5,2,5,2,5,1,1,7,1,7,4,4,4,2,5,1,1,1,1,1,1,10,2,3,6,2,0,0,1,0,0,1,0,0,1,0,1,0,0,0,0,1,1,1,0,1,1,1,1,0,1,0,1,1,0,0,0,1,0,1,0,0,1,0,0,1,4,2,2,4,3,4,5,2,3,3,3,3,3,2,1,2,3,4,4,2,2,1,1,1,1,2,2,4,4,4,3,1,1,2,1,1,5,2,22555,1,0,1,1,1,1,0,0,0,0,0,0,0,0,1,1,1,1
253,3,5,5,3,6,3,5,5,3,3,3,5,2,4,2,6,7,7,6,6,5,5,6,7,6,6,7,6,6,6,3,4,6,6,6,6,4,4,4,1,0,0,1,1,0,0,0,1,1,0,1,0,0,1,0,1,1,0,0,0,1,1,1,0,1,0,0,1,0,0,0,0,0,0,0,0,1,1,0,1,4,4,3,4,4,4,4,4,3,5,4,4,4,1,0,1,1,2,1,1,3,1,2,4,1,1,2,4,3,2,3,2,2,2,1,1,2.9,2,22558,0,0,0,0,0,0,0,1,0,0,1,0,0,0,1,1,0,1
254,3,3,3,4,3,2,3,4,4,3,5,5,1,4,3,6,7,6,7,7,5,7,7,7,7,7,7,7,7,7,7,7,7,7,7,9,4,5,1,1,0,0,0,0,0,1,0,1,0,0,0,0,0,0,0,0,0,0,0,0,0,0,0,0,0,0,0,0,0,0,0,0,0,0,1,0,1,0,0,0,5,5,5,5,5,5,5,5,5,5,5,5,5,3,1,1,2,4,2,1,1,4,1,4,1,3,1,1,2,2,2,2,2,1,1,1,4,1,21931,1,0,0,0,1,0,0,0,1,0,1,0,1,0,0,1,0,1
255,3,5,2,2,4,4,3,3,2,4,2,5,2,3,4,5,5,5,5,6,5,3,5,5,6,6,6,6,4,4,3,4,5,5,5,6,3,4,7,1,0,0,1,0,0,0,0,0,1,0,1,0,0,0,0,0,0,0,0,0,1,1,1,0,1,1,0,0,0,0,0,0,0,0,0,1,1,1,0,0,4,2,2,3,3,3,4,4,2,4,3,4,4,2,1,2,3,2,3,2,2,3,2,3,1,3,2,3,3,3,3,2,2,1,5,1,3.6,2,22534,1,0,1,1,0,1,0,0,1,0,1,0,1,0,1,1,1,1
256,3,1,1,4,6,2,5,3,4,3,4,6,1,3,1,7,7,5,7,3,4,7,7,7,7,7,5,6,4,5,1,2,1,5,6,9,4,4,3,1,0,0,0,0,0,0,0,0,1,0,1,0,1,1,0,0,1,0,0,1,0,1,1,0,1,0,0,0,0,1,0,1,1,0,1,1,1,0,0,1,5,5,2,5,3,4,5,2,2,2,2,3,5,3,3,1,4,4,1,3,4,2,2,3,0,4,1,2,1,1,1,2,2,3,1,1,4,1,,1,1,0,1,1,0,1,1,1,0,1,0,1,0,0,0,0,0
257,3,5,5,4,3,3,4,4,4,4,5,5,3,4,6,3,2,2,2,3,1,2,3,5,2,2,2,2,2,2,1,1,1,1,1,7,3,4,2,2,0,1,0,0,0,0,1,1,1,0,0,1,1,0,0,0,0,1,0,0,0,1,0,0,0,1,0,0,0,0,0,1,0,0,1,1,1,0,0,0,5,2,3,4,2,3,4,2,2,3,2,1,4,1,0,2,2,2,1,2,2,1,1,2,1,1,2,2,2,1,2,2,2,34,1,1,4.5,2,,0,0,1,0,0,0,0,0,0,0,0,0,0,0,0,1,0,1